Game,P1 Sam · visual newcomer,P2 Alex · movie fan,P3 Jordan · interrupted player,P4 Casey · discovery first,P5 Morgan · larger text,P6 Riley · skeptical buyer,P7 Taylor · multilingual viewer
Scene Spotter,Earned · 1 gameplay taps / 0 help taps / 1 attempt taps · 3/3 points · result scan unverified,Earned · 1 gameplay taps / 0 help taps / 1 attempt taps · 3/3 points · result scan unverified,Stopped → reveal · 1 gameplay taps / 0 help taps / 1 attempt taps · 0/3 points · result scan unverified · earned result before relaunch,Earned · 1 gameplay taps / 0 help taps / 1 attempt taps · 3/3 points · result scan unverified,Earned · 1 gameplay taps / 0 help taps / 1 attempt taps · 3/3 points,Earned · 2 gameplay taps / 0 help taps / 2 attempt taps · 2/3 points,Earned · 1 gameplay taps / 0 help taps / 1 attempt taps · 3/3 points
Movie Scramble,Earned + help · 2 gameplay taps / 1 help taps / 1 attempt taps · 2/3 points · result scan unverified,Earned + help · 2 gameplay taps / 1 help taps / 1 attempt taps · 2/3 points · result scan unverified,Earned + help · 2 gameplay taps / 1 help taps / 1 attempt taps · 2/3 points · result scan unverified,Earned + help · 2 gameplay taps / 1 help taps / 1 attempt taps · 2/3 points · result scan unverified,Earned + help · 2 gameplay taps / 1 help taps / 1 attempt taps · 2/3 points,Earned + help · 3 gameplay taps / 1 help taps / 2 attempt taps · 1/3 points,Earned + help · 2 gameplay taps / 1 help taps / 1 attempt taps · 2/3 points
Casting Call,Stopped → reveal · 0 gameplay taps / 0 help taps / 0 attempt taps · 0/3 points · result scan unverified,Earned · 1 gameplay taps / 0 help taps / 1 attempt taps · 3/3 points · result scan unverified,Stopped → reveal · 1 gameplay taps / 0 help taps / 1 attempt taps · 0/3 points · result scan unverified · earned result before relaunch,Earned · 1 gameplay taps / 0 help taps / 1 attempt taps · 3/3 points · result scan unverified,Earned · 1 gameplay taps / 0 help taps / 1 attempt taps · 3/3 points · result scan unverified,Earned · 2 gameplay taps / 0 help taps / 2 attempt taps · 2/3 points,Stopped → reveal · 0 gameplay taps / 0 help taps / 0 attempt taps · 0/3 points
Before or After?,Stopped → reveal · 0 gameplay taps / 0 help taps / 0 attempt taps · 0/3 points · result scan unverified,Earned · 5 gameplay taps / 0 help taps / 3 attempt taps · 3/3 points · result scan unverified,Stopped → reveal · 0 gameplay taps / 0 help taps / 0 attempt taps · 0/3 points · result scan unverified,Stopped → reveal · 0 gameplay taps / 0 help taps / 0 attempt taps · 0/3 points · result scan unverified,Earned · 5 gameplay taps / 0 help taps / 3 attempt taps · 3/3 points,Stopped → reveal · 0 gameplay taps / 0 help taps / 0 attempt taps · 0/3 points,Stopped → reveal · 0 gameplay taps / 0 help taps / 0 attempt taps · 0/3 points
Odd Movie Out,Stopped → reveal · 0 gameplay taps / 0 help taps / 0 attempt taps · 0/3 points · result scan unverified,Earned · 1 gameplay taps / 0 help taps / 1 attempt taps · 3/3 points · result scan unverified,Stopped → reveal · 0 gameplay taps / 0 help taps / 0 attempt taps · 0/3 points · result scan unverified,Stopped → reveal · 0 gameplay taps / 0 help taps / 0 attempt taps · 0/3 points · result scan unverified,Earned · 1 gameplay taps / 0 help taps / 1 attempt taps · 3/3 points,Stopped → reveal · 0 gameplay taps / 0 help taps / 0 attempt taps · 0/3 points,Stopped → reveal · 0 gameplay taps / 0 help taps / 0 attempt taps · 0/3 points
Double Feature,Stopped → reveal · 0 gameplay taps / 0 help taps / 0 attempt taps · 0/3 points · result scan unverified,Earned · 6 gameplay taps / 0 help taps / 3 attempt taps · 3/3 points · result scan unverified,Stopped → reveal · 2 gameplay taps / 0 help taps / 1 attempt taps · 0/3 points · result scan unverified,Stopped → reveal · 2 gameplay taps / 0 help taps / 1 attempt taps · 0/3 points · result scan unverified,Earned · 6 gameplay taps / 0 help taps / 3 attempt taps · 3/3 points,Stopped → reveal · 5 gameplay taps / 0 help taps / 2 attempt taps · 0/3 points,Stopped → reveal · 0 gameplay taps / 0 help taps / 0 attempt taps · 0/3 points
Movie Detective,Earned + help · 3 gameplay taps / 1 help taps / 2 attempt taps · 1/3 points,Earned + help · 2 gameplay taps / 1 help taps / 1 attempt taps · 2/3 points,Earned + help · 2 gameplay taps / 1 help taps / 1 attempt taps · 2/3 points,Earned + help · 2 gameplay taps / 1 help taps / 1 attempt taps · 2/3 points,Earned + help · 2 gameplay taps / 1 help taps / 1 attempt taps · 2/3 points,Earned + help · 3 gameplay taps / 1 help taps / 2 attempt taps · 1/3 points,Stopped → reveal · 1 gameplay taps / 1 help taps / 0 attempt taps · 0/3 points
Poster Memory,Earned · 13 gameplay taps / 0 help taps / 5 attempt taps · 1/3 points · result scan unverified,Earned · 13 gameplay taps / 0 help taps / 5 attempt taps · 1/3 points · result scan unverified,Earned · 13 gameplay taps / 0 help taps / 5 attempt taps · 1/3 points · result scan unverified,Earned · 13 gameplay taps / 0 help taps / 5 attempt taps · 1/3 points · result scan unverified,Earned · 13 gameplay taps / 0 help taps / 5 attempt taps · 1/3 points,Earned · 13 gameplay taps / 0 help taps / 5 attempt taps · 1/3 points,Earned · 13 gameplay taps / 0 help taps / 5 attempt taps · 1/3 points
Movie Heist,Stopped → reveal · 2 gameplay taps / 0 help taps / 1 attempt taps · 0/3 points · result scan unverified,Earned · 5 gameplay taps / 0 help taps / 3 attempt taps · 3/3 points · result scan unverified,Stopped → reveal · 2 gameplay taps / 0 help taps / 1 attempt taps · 0/3 points · result scan unverified,Stopped → reveal · 2 gameplay taps / 0 help taps / 1 attempt taps · 0/3 points · result scan unverified,Earned · 5 gameplay taps / 0 help taps / 3 attempt taps · 3/3 points,Stopped → reveal · 3 gameplay taps / 0 help taps / 2 attempt taps · 0/3 points,Stopped → reveal · 2 gameplay taps / 0 help taps / 1 attempt taps · 0/3 points
Director’s Cut,Stopped → reveal · 0 gameplay taps / 0 help taps / 0 attempt taps · 0/3 points · result scan unverified,Earned · 3 gameplay taps / 0 help taps / 3 attempt taps · 3/3 points · result scan unverified,Stopped → reveal · 0 gameplay taps / 0 help taps / 0 attempt taps · 0/3 points · result scan unverified,Stopped → reveal · 0 gameplay taps / 0 help taps / 0 attempt taps · 0/3 points · result scan unverified,Earned · 3 gameplay taps / 0 help taps / 3 attempt taps · 3/3 points,Stopped → reveal · 0 gameplay taps / 0 help taps / 0 attempt taps · 0/3 points,Stopped → reveal · 0 gameplay taps / 0 help taps / 0 attempt taps · 0/3 points
