persona,persona_name,game,game_name,outcome,stop_reason,action_count,help_count,attempt_count,points_label,resumed,resume_verified,replay_started,utility_action_found,payment_gate_found,result_scan_unverified,result_scan_scope,raw_result_scan_flags,initial_result_before_relaunch,trace_file,screenshot_files,limitations
P1,Sam · visual newcomer,scene,Scene Spotter,earned,,1,0,1,3/3 points,False,False,False,unknown (unverified app-wide result scan),unknown (unverified app-wide result scan),True,app_wide_background_controls_present,"{""utility_action_found"": true, ""payment_gate_found"": false}",{},traces/persona-cell-P1-scene.json,screenshots/persona-cell-P1-scene-image-3CEF29F3-DD3E-4A51-ABCA-DDDE3C3F096B.jpg;screenshots/persona-cell-P1-scene-result.jpg;screenshots/persona-cell-P1-scene-start.jpg,"[""Assigned scripted persona; no human enjoyment or voluntary replay evidence."", ""Fresh seed-0 fixture; ads and onboarding disabled."", ""Image decisions use the current screenshot and a bounded live root-agent vision judgment; declared facts and visible feedback guide other choices."", ""Fixture purchase entitlement enabled; this run does not validate ordinary free-user monetization."", ""Result inspection included underlying Home/Explore/Watchlist controls. The scan cannot establish a game-result movie-utility route or payment gate; normalized route flags are unknown and original scan flags remain in the raw trace.""]"
P1,Sam · visual newcomer,scramble,Movie Scramble,earned_with_help,,2,1,1,2/3 points,False,False,False,unknown (unverified app-wide result scan),unknown (unverified app-wide result scan),True,app_wide_background_controls_present,"{""utility_action_found"": true, ""payment_gate_found"": false}",{},traces/persona-cell-P1-scramble.json,screenshots/persona-cell-P1-scramble-image-BC8DFA2D-EF83-4924-BEF7-8891E628CE4D.jpg;screenshots/persona-cell-P1-scramble-result.jpg;screenshots/persona-cell-P1-scramble-start.jpg,"[""Assigned scripted persona; no human enjoyment or voluntary replay evidence."", ""Fresh seed-0 fixture; ads and onboarding disabled."", ""Image decisions use the current screenshot and a bounded live root-agent vision judgment; declared facts and visible feedback guide other choices."", ""Fixture purchase entitlement enabled; this run does not validate ordinary free-user monetization."", ""Used Assemble for Me: assisted restoration, not autonomous visual reconstruction."", ""Result inspection included underlying Home/Explore/Watchlist controls. The scan cannot establish a game-result movie-utility route or payment gate; normalized route flags are unknown and original scan flags remain in the raw trace.""]"
P1,Sam · visual newcomer,casting,Casting Call,revealed_after_stop,Actor knowledge required beyond title recognition,0,0,0,0/3 points,False,False,False,unknown (unverified app-wide result scan),unknown (unverified app-wide result scan),True,app_wide_background_controls_present,"{""utility_action_found"": true, ""payment_gate_found"": false}",{},traces/persona-cell-P1-casting.json,screenshots/persona-cell-P1-casting-result.jpg;screenshots/persona-cell-P1-casting-start.jpg;screenshots/persona-cell-P1-casting-stop.jpg,"[""Assigned scripted persona; no human enjoyment or voluntary replay evidence."", ""Fresh seed-0 fixture; ads and onboarding disabled."", ""Image decisions use the current screenshot and a bounded live root-agent vision judgment; declared facts and visible feedback guide other choices."", ""Fixture purchase entitlement enabled; this run does not validate ordinary free-user monetization."", ""Result inspection included underlying Home/Explore/Watchlist controls. The scan cannot establish a game-result movie-utility route or payment gate; normalized route flags are unknown and original scan flags remain in the raw trace.""]"
P1,Sam · visual newcomer,timeline,Before or After?,revealed_after_stop,Before/after year knowledge required,0,0,0,0/3 points,False,False,False,unknown (unverified app-wide result scan),unknown (unverified app-wide result scan),True,app_wide_background_controls_present,"{""utility_action_found"": true, ""payment_gate_found"": false}",{},traces/persona-cell-P1-timeline.json,screenshots/persona-cell-P1-timeline-result.jpg;screenshots/persona-cell-P1-timeline-start.jpg;screenshots/persona-cell-P1-timeline-stop.jpg,"[""Assigned scripted persona; no human enjoyment or voluntary replay evidence."", ""Fresh seed-0 fixture; ads and onboarding disabled."", ""Image decisions use the current screenshot and a bounded live root-agent vision judgment; declared facts and visible feedback guide other choices."", ""Fixture purchase entitlement enabled; this run does not validate ordinary free-user monetization."", ""Result inspection included underlying Home/Explore/Watchlist controls. The scan cannot establish a game-result movie-utility route or payment gate; normalized route flags are unknown and original scan flags remain in the raw trace.""]"
P1,Sam · visual newcomer,oddOneOut,Odd Movie Out,revealed_after_stop,Release-era trivia outside declared knowledge,0,0,0,0/3 points,False,False,False,unknown (unverified app-wide result scan),unknown (unverified app-wide result scan),True,app_wide_background_controls_present,"{""utility_action_found"": true, ""payment_gate_found"": false}",{},traces/persona-cell-P1-oddOneOut.json,screenshots/persona-cell-P1-oddOneOut-result.jpg;screenshots/persona-cell-P1-oddOneOut-start.jpg;screenshots/persona-cell-P1-oddOneOut-stop.jpg,"[""Assigned scripted persona; no human enjoyment or voluntary replay evidence."", ""Fresh seed-0 fixture; ads and onboarding disabled."", ""Image decisions use the current screenshot and a bounded live root-agent vision judgment; declared facts and visible feedback guide other choices."", ""Fixture purchase entitlement enabled; this run does not validate ordinary free-user monetization."", ""Result inspection included underlying Home/Explore/Watchlist controls. The scan cannot establish a game-result movie-utility route or payment gate; normalized route flags are unknown and original scan flags remain in the raw trace.""]"
P1,Sam · visual newcomer,doubleFeature,Double Feature,revealed_after_stop,Shared-actor knowledge required; persona has title recognition only,0,0,0,0/3 points,False,False,False,unknown (unverified app-wide result scan),unknown (unverified app-wide result scan),True,app_wide_background_controls_present,"{""utility_action_found"": true, ""payment_gate_found"": false}",{},traces/persona-cell-P1-doubleFeature.json,screenshots/persona-cell-P1-doubleFeature-result.jpg;screenshots/persona-cell-P1-doubleFeature-start.jpg;screenshots/persona-cell-P1-doubleFeature-stop.jpg,"[""Assigned scripted persona; no human enjoyment or voluntary replay evidence."", ""Fresh seed-0 fixture; ads and onboarding disabled."", ""Image decisions use the current screenshot and a bounded live root-agent vision judgment; declared facts and visible feedback guide other choices."", ""Fixture purchase entitlement enabled; this run does not validate ordinary free-user monetization."", ""Result inspection included underlying Home/Explore/Watchlist controls. The scan cannot establish a game-result movie-utility route or payment gate; normalized route flags are unknown and original scan flags remain in the raw trace.""]"
P1,Sam · visual newcomer,detective,Movie Detective,earned_with_help,,3,1,2,1/3 points,False,False,False,False,False,False,arcade_sheet,{},{},traces/persona-cell-P1-detective.json,screenshots/persona-cell-P1-detective-result.jpg;screenshots/persona-cell-P1-detective-start.jpg,"[""Assigned scripted persona; no human enjoyment or voluntary replay evidence."", ""Fresh seed-0 fixture; ads and onboarding disabled."", ""Image decisions use the current screenshot and a bounded live root-agent vision judgment; declared facts and visible feedback guide other choices."", ""Fixture purchase entitlement enabled; this run does not validate ordinary free-user monetization."", ""No graphic recognition: candidate selected from known displayed title, then feedback/elimination."", ""No graphic recognition: candidate selected from known displayed title, then feedback/elimination.""]"
P1,Sam · visual newcomer,memory,Poster Memory,earned,,13,0,5,1/3 points,False,False,False,unknown (unverified app-wide result scan),unknown (unverified app-wide result scan),True,app_wide_background_controls_present,"{""utility_action_found"": true, ""payment_gate_found"": false}",{},traces/persona-cell-P1-memory.json,screenshots/persona-cell-P1-memory-result.jpg;screenshots/persona-cell-P1-memory-start.jpg,"[""Assigned scripted persona; no human enjoyment or voluntary replay evidence."", ""Fresh seed-0 fixture; ads and onboarding disabled."", ""Image decisions use the current screenshot and a bounded live root-agent vision judgment; declared facts and visible feedback guide other choices."", ""Fixture purchase entitlement enabled; this run does not validate ordinary free-user monetization."", ""Result inspection included underlying Home/Explore/Watchlist controls. The scan cannot establish a game-result movie-utility route or payment gate; normalized route flags are unknown and original scan flags remain in the raw trace.""]"
P1,Sam · visual newcomer,heist,Movie Heist,revealed_after_stop,Heist cast lock requires unknown actor knowledge,2,0,1,0/3 points,False,False,False,unknown (unverified app-wide result scan),unknown (unverified app-wide result scan),True,app_wide_background_controls_present,"{""utility_action_found"": true, ""payment_gate_found"": false}",{},traces/persona-cell-P1-heist.json,screenshots/persona-cell-P1-heist-lock1-30977AD1-3CE3-406A-8910-B823D2484CD3.jpg;screenshots/persona-cell-P1-heist-result.jpg;screenshots/persona-cell-P1-heist-start.jpg;screenshots/persona-cell-P1-heist-stop.jpg,"[""Assigned scripted persona; no human enjoyment or voluntary replay evidence."", ""Fresh seed-0 fixture; ads and onboarding disabled."", ""Image decisions use the current screenshot and a bounded live root-agent vision judgment; declared facts and visible feedback guide other choices."", ""Fixture purchase entitlement enabled; this run does not validate ordinary free-user monetization."", ""Result inspection included underlying Home/Explore/Watchlist controls. The scan cannot establish a game-result movie-utility route or payment gate; normalized route flags are unknown and original scan flags remain in the raw trace.""]"
P1,Sam · visual newcomer,directorsCut,Director’s Cut,revealed_after_stop,Chronological release knowledge required,0,0,0,0/3 points,False,False,False,unknown (unverified app-wide result scan),unknown (unverified app-wide result scan),True,app_wide_background_controls_present,"{""utility_action_found"": true, ""payment_gate_found"": false}",{},traces/persona-cell-P1-directorsCut.json,screenshots/persona-cell-P1-directorsCut-result.jpg;screenshots/persona-cell-P1-directorsCut-start.jpg;screenshots/persona-cell-P1-directorsCut-stop.jpg,"[""Assigned scripted persona; no human enjoyment or voluntary replay evidence."", ""Fresh seed-0 fixture; ads and onboarding disabled."", ""Image decisions use the current screenshot and a bounded live root-agent vision judgment; declared facts and visible feedback guide other choices."", ""Fixture purchase entitlement enabled; this run does not validate ordinary free-user monetization."", ""Result inspection included underlying Home/Explore/Watchlist controls. The scan cannot establish a game-result movie-utility route or payment gate; normalized route flags are unknown and original scan flags remain in the raw trace.""]"
P2,Alex · movie fan,scene,Scene Spotter,earned,,1,0,1,3/3 points,False,False,True,unknown (unverified app-wide result scan),unknown (unverified app-wide result scan),True,app_wide_background_controls_present,"{""utility_action_found"": true, ""payment_gate_found"": false}",{},traces/persona-cell-P2-scene.json,screenshots/persona-cell-P2-scene-image-11002652-6EF7-4A61-91DE-2A20715BE27F.jpg;screenshots/persona-cell-P2-scene-result.jpg;screenshots/persona-cell-P2-scene-scripted-replay-start.jpg;screenshots/persona-cell-P2-scene-start.jpg,"[""Assigned scripted persona; no human enjoyment or voluntary replay evidence."", ""Fresh seed-0 fixture; ads and onboarding disabled."", ""Image decisions use the current screenshot and a bounded live root-agent vision judgment; declared facts and visible feedback guide other choices."", ""Fixture purchase entitlement enabled; this run does not validate ordinary free-user monetization."", ""Second round was started by assigned policy, not voluntary replay; not completed."", ""Result inspection included underlying Home/Explore/Watchlist controls. The scan cannot establish a game-result movie-utility route or payment gate; normalized route flags are unknown and original scan flags remain in the raw trace.""]"
P2,Alex · movie fan,scramble,Movie Scramble,earned_with_help,,2,1,1,2/3 points,False,False,True,unknown (unverified app-wide result scan),unknown (unverified app-wide result scan),True,app_wide_background_controls_present,"{""utility_action_found"": true, ""payment_gate_found"": false}",{},traces/persona-cell-P2-scramble.json,screenshots/persona-cell-P2-scramble-image-23F749EA-DDDD-484A-9862-34E0D26E4191.jpg;screenshots/persona-cell-P2-scramble-result.jpg;screenshots/persona-cell-P2-scramble-scripted-replay-start.jpg;screenshots/persona-cell-P2-scramble-start.jpg,"[""Assigned scripted persona; no human enjoyment or voluntary replay evidence."", ""Fresh seed-0 fixture; ads and onboarding disabled."", ""Image decisions use the current screenshot and a bounded live root-agent vision judgment; declared facts and visible feedback guide other choices."", ""Fixture purchase entitlement enabled; this run does not validate ordinary free-user monetization."", ""Used Assemble for Me: assisted restoration, not autonomous visual reconstruction."", ""Second round was started by assigned policy, not voluntary replay; not completed."", ""Result inspection included underlying Home/Explore/Watchlist controls. The scan cannot establish a game-result movie-utility route or payment gate; normalized route flags are unknown and original scan flags remain in the raw trace.""]"
P2,Alex · movie fan,casting,Casting Call,earned,,1,0,1,3/3 points,False,False,True,unknown (unverified app-wide result scan),unknown (unverified app-wide result scan),True,app_wide_background_controls_present,"{""utility_action_found"": true, ""payment_gate_found"": false}",{},traces/persona-cell-P2-casting.json,screenshots/persona-cell-P2-casting-result.jpg;screenshots/persona-cell-P2-casting-scripted-replay-start.jpg;screenshots/persona-cell-P2-casting-start.jpg,"[""Assigned scripted persona; no human enjoyment or voluntary replay evidence."", ""Fresh seed-0 fixture; ads and onboarding disabled."", ""Image decisions use the current screenshot and a bounded live root-agent vision judgment; declared facts and visible feedback guide other choices."", ""Fixture purchase entitlement enabled; this run does not validate ordinary free-user monetization."", ""Second round was started by assigned policy, not voluntary replay; not completed."", ""Result inspection included underlying Home/Explore/Watchlist controls. The scan cannot establish a game-result movie-utility route or payment gate; normalized route flags are unknown and original scan flags remain in the raw trace.""]"
P2,Alex · movie fan,timeline,Before or After?,earned,,5,0,3,3/3 points,False,False,True,unknown (unverified app-wide result scan),unknown (unverified app-wide result scan),True,app_wide_background_controls_present,"{""utility_action_found"": true, ""payment_gate_found"": false}",{},traces/persona-cell-P2-timeline.json,screenshots/persona-cell-P2-timeline-result.jpg;screenshots/persona-cell-P2-timeline-scripted-replay-start.jpg;screenshots/persona-cell-P2-timeline-start.jpg,"[""Assigned scripted persona; no human enjoyment or voluntary replay evidence."", ""Fresh seed-0 fixture; ads and onboarding disabled."", ""Image decisions use the current screenshot and a bounded live root-agent vision judgment; declared facts and visible feedback guide other choices."", ""Fixture purchase entitlement enabled; this run does not validate ordinary free-user monetization."", ""Second round was started by assigned policy, not voluntary replay; not completed."", ""Result inspection included underlying Home/Explore/Watchlist controls. The scan cannot establish a game-result movie-utility route or payment gate; normalized route flags are unknown and original scan flags remain in the raw trace.""]"
P2,Alex · movie fan,oddOneOut,Odd Movie Out,earned,,1,0,1,3/3 points,False,False,True,unknown (unverified app-wide result scan),unknown (unverified app-wide result scan),True,app_wide_background_controls_present,"{""utility_action_found"": true, ""payment_gate_found"": false}",{},traces/persona-cell-P2-oddOneOut.json,screenshots/persona-cell-P2-oddOneOut-result.jpg;screenshots/persona-cell-P2-oddOneOut-scripted-replay-start.jpg;screenshots/persona-cell-P2-oddOneOut-start.jpg,"[""Assigned scripted persona; no human enjoyment or voluntary replay evidence."", ""Fresh seed-0 fixture; ads and onboarding disabled."", ""Image decisions use the current screenshot and a bounded live root-agent vision judgment; declared facts and visible feedback guide other choices."", ""Fixture purchase entitlement enabled; this run does not validate ordinary free-user monetization."", ""Second round was started by assigned policy, not voluntary replay; not completed."", ""Result inspection included underlying Home/Explore/Watchlist controls. The scan cannot establish a game-result movie-utility route or payment gate; normalized route flags are unknown and original scan flags remain in the raw trace.""]"
P2,Alex · movie fan,doubleFeature,Double Feature,earned,,6,0,3,3/3 points,False,False,True,unknown (unverified app-wide result scan),unknown (unverified app-wide result scan),True,app_wide_background_controls_present,"{""utility_action_found"": true, ""payment_gate_found"": false}",{},traces/persona-cell-P2-doubleFeature.json,screenshots/persona-cell-P2-doubleFeature-result.jpg;screenshots/persona-cell-P2-doubleFeature-scripted-replay-start.jpg;screenshots/persona-cell-P2-doubleFeature-start.jpg,"[""Assigned scripted persona; no human enjoyment or voluntary replay evidence."", ""Fresh seed-0 fixture; ads and onboarding disabled."", ""Image decisions use the current screenshot and a bounded live root-agent vision judgment; declared facts and visible feedback guide other choices."", ""Fixture purchase entitlement enabled; this run does not validate ordinary free-user monetization."", ""Second round was started by assigned policy, not voluntary replay; not completed."", ""Result inspection included underlying Home/Explore/Watchlist controls. The scan cannot establish a game-result movie-utility route or payment gate; normalized route flags are unknown and original scan flags remain in the raw trace.""]"
P2,Alex · movie fan,detective,Movie Detective,earned_with_help,,2,1,1,2/3 points,False,False,True,False,False,False,arcade_sheet,{},{},traces/persona-cell-P2-detective.json,screenshots/persona-cell-P2-detective-result.jpg;screenshots/persona-cell-P2-detective-scripted-replay-start.jpg;screenshots/persona-cell-P2-detective-start.jpg,"[""Assigned scripted persona; no human enjoyment or voluntary replay evidence."", ""Fresh seed-0 fixture; ads and onboarding disabled."", ""Image decisions use the current screenshot and a bounded live root-agent vision judgment; declared facts and visible feedback guide other choices."", ""Fixture purchase entitlement enabled; this run does not validate ordinary free-user monetization."", ""Second round was started by assigned policy, not voluntary replay; not completed.""]"
P2,Alex · movie fan,memory,Poster Memory,earned,,13,0,5,1/3 points,False,False,True,unknown (unverified app-wide result scan),unknown (unverified app-wide result scan),True,app_wide_background_controls_present,"{""utility_action_found"": true, ""payment_gate_found"": false}",{},traces/persona-cell-P2-memory.json,screenshots/persona-cell-P2-memory-result.jpg;screenshots/persona-cell-P2-memory-scripted-replay-start.jpg;screenshots/persona-cell-P2-memory-start.jpg,"[""Assigned scripted persona; no human enjoyment or voluntary replay evidence."", ""Fresh seed-0 fixture; ads and onboarding disabled."", ""Image decisions use the current screenshot and a bounded live root-agent vision judgment; declared facts and visible feedback guide other choices."", ""Fixture purchase entitlement enabled; this run does not validate ordinary free-user monetization."", ""Second round was started by assigned policy, not voluntary replay; not completed."", ""Result inspection included underlying Home/Explore/Watchlist controls. The scan cannot establish a game-result movie-utility route or payment gate; normalized route flags are unknown and original scan flags remain in the raw trace.""]"
P2,Alex · movie fan,heist,Movie Heist,earned,,5,0,3,3/3 points,False,False,True,unknown (unverified app-wide result scan),unknown (unverified app-wide result scan),True,app_wide_background_controls_present,"{""utility_action_found"": true, ""payment_gate_found"": false}",{},traces/persona-cell-P2-heist.json,screenshots/persona-cell-P2-heist-lock1-2B0A9B88-6463-454C-A473-A7DC874A713D.jpg;screenshots/persona-cell-P2-heist-result.jpg;screenshots/persona-cell-P2-heist-scripted-replay-start.jpg;screenshots/persona-cell-P2-heist-start.jpg,"[""Assigned scripted persona; no human enjoyment or voluntary replay evidence."", ""Fresh seed-0 fixture; ads and onboarding disabled."", ""Image decisions use the current screenshot and a bounded live root-agent vision judgment; declared facts and visible feedback guide other choices."", ""Fixture purchase entitlement enabled; this run does not validate ordinary free-user monetization."", ""Second round was started by assigned policy, not voluntary replay; not completed."", ""Result inspection included underlying Home/Explore/Watchlist controls. The scan cannot establish a game-result movie-utility route or payment gate; normalized route flags are unknown and original scan flags remain in the raw trace.""]"
P2,Alex · movie fan,directorsCut,Director’s Cut,earned,,3,0,3,3/3 points,False,False,True,unknown (unverified app-wide result scan),unknown (unverified app-wide result scan),True,app_wide_background_controls_present,"{""utility_action_found"": true, ""payment_gate_found"": false}",{},traces/persona-cell-P2-directorsCut.json,screenshots/persona-cell-P2-directorsCut-result.jpg;screenshots/persona-cell-P2-directorsCut-scripted-replay-start.jpg;screenshots/persona-cell-P2-directorsCut-start.jpg,"[""Assigned scripted persona; no human enjoyment or voluntary replay evidence."", ""Fresh seed-0 fixture; ads and onboarding disabled."", ""Image decisions use the current screenshot and a bounded live root-agent vision judgment; declared facts and visible feedback guide other choices."", ""Fixture purchase entitlement enabled; this run does not validate ordinary free-user monetization."", ""Second round was started by assigned policy, not voluntary replay; not completed."", ""Result inspection included underlying Home/Explore/Watchlist controls. The scan cannot establish a game-result movie-utility route or payment gate; normalized route flags are unknown and original scan flags remain in the raw trace.""]"
P3,Jordan · interrupted player,scene,Scene Spotter,revealed_after_stop,Visible progress or selected state changed across interruption,1,0,1,0/3 points,True,False,False,unknown (unverified app-wide result scan),unknown (unverified app-wide result scan),True,app_wide_background_controls_present,"{""utility_action_found"": true, ""payment_gate_found"": false}","{""action_index"": 3, ""terminal_before_interruption"": true, ""before_signature"": ""arcade.points:3/3 points|||"", ""points_evidence"": ""3/3 points"", ""interpretation"": ""An earned practice result was visible before the forced relaunch. The raw outcome records the later path. Completed-practice re-entry intentionally starts fresh; this is not evidence of Daily Mix score loss or a product defect.""}",traces/persona-cell-P3-scene.json,screenshots/persona-cell-P3-scene-after-interruption.jpg;screenshots/persona-cell-P3-scene-before-interruption.jpg;screenshots/persona-cell-P3-scene-image-02333E6C-7314-4182-A077-C3A86B2835B9.jpg;screenshots/persona-cell-P3-scene-result.jpg;screenshots/persona-cell-P3-scene-start.jpg;screenshots/persona-cell-P3-scene-stop.jpg,"[""Assigned scripted persona; no human enjoyment or voluntary replay evidence."", ""Fresh seed-0 fixture; ads and onboarding disabled."", ""Image decisions use the current screenshot and a bounded live root-agent vision judgment; declared facts and visible feedback guide other choices."", ""Fixture purchase entitlement enabled; this run does not validate ordinary free-user monetization."", ""Recovery comparison covers points, selected/matched cards and progress labels; it does not prove all clues, feedback or board state persisted."", ""First accepted action completed this round; interruption checked terminal-result recovery, not unfinished-round recovery."", ""Result inspection included underlying Home/Explore/Watchlist controls. The scan cannot establish a game-result movie-utility route or payment gate; normalized route flags are unknown and original scan flags remain in the raw trace.""]"
P3,Jordan · interrupted player,scramble,Movie Scramble,earned_with_help,,2,1,1,2/3 points,True,True,False,unknown (unverified app-wide result scan),unknown (unverified app-wide result scan),True,app_wide_background_controls_present,"{""utility_action_found"": true, ""payment_gate_found"": false}",{},traces/persona-cell-P3-scramble.json,screenshots/persona-cell-P3-scramble-after-interruption.jpg;screenshots/persona-cell-P3-scramble-before-interruption.jpg;screenshots/persona-cell-P3-scramble-image-43EA07C9-0EA1-4769-A8A9-D2D009700358.jpg;screenshots/persona-cell-P3-scramble-result.jpg;screenshots/persona-cell-P3-scramble-start.jpg,"[""Assigned scripted persona; no human enjoyment or voluntary replay evidence."", ""Fresh seed-0 fixture; ads and onboarding disabled."", ""Image decisions use the current screenshot and a bounded live root-agent vision judgment; declared facts and visible feedback guide other choices."", ""Fixture purchase entitlement enabled; this run does not validate ordinary free-user monetization."", ""Used Assemble for Me: assisted restoration, not autonomous visual reconstruction."", ""Recovery comparison covers points, selected/matched cards and progress labels; it does not prove all clues, feedback or board state persisted."", ""Result inspection included underlying Home/Explore/Watchlist controls. The scan cannot establish a game-result movie-utility route or payment gate; normalized route flags are unknown and original scan flags remain in the raw trace.""]"
P3,Jordan · interrupted player,casting,Casting Call,revealed_after_stop,Visible progress or selected state changed across interruption,1,0,1,0/3 points,True,False,False,unknown (unverified app-wide result scan),unknown (unverified app-wide result scan),True,app_wide_background_controls_present,"{""utility_action_found"": true, ""payment_gate_found"": false}","{""action_index"": 2, ""terminal_before_interruption"": true, ""before_signature"": ""arcade.points:3/3 points|||"", ""points_evidence"": ""3/3 points"", ""interpretation"": ""An earned practice result was visible before the forced relaunch. The raw outcome records the later path. Completed-practice re-entry intentionally starts fresh; this is not evidence of Daily Mix score loss or a product defect.""}",traces/persona-cell-P3-casting.json,screenshots/persona-cell-P3-casting-after-interruption.jpg;screenshots/persona-cell-P3-casting-before-interruption.jpg;screenshots/persona-cell-P3-casting-result.jpg;screenshots/persona-cell-P3-casting-start.jpg;screenshots/persona-cell-P3-casting-stop.jpg,"[""Assigned scripted persona; no human enjoyment or voluntary replay evidence."", ""Fresh seed-0 fixture; ads and onboarding disabled."", ""Image decisions use the current screenshot and a bounded live root-agent vision judgment; declared facts and visible feedback guide other choices."", ""Fixture purchase entitlement enabled; this run does not validate ordinary free-user monetization."", ""Recovery comparison covers points, selected/matched cards and progress labels; it does not prove all clues, feedback or board state persisted."", ""First accepted action completed this round; interruption checked terminal-result recovery, not unfinished-round recovery."", ""Result inspection included underlying Home/Explore/Watchlist controls. The scan cannot establish a game-result movie-utility route or payment gate; normalized route flags are unknown and original scan flags remain in the raw trace.""]"
P3,Jordan · interrupted player,timeline,Before or After?,revealed_after_stop,Incoming title/year outside declared knowledge: Avengers: Endgame,0,0,0,0/3 points,False,False,False,unknown (unverified app-wide result scan),unknown (unverified app-wide result scan),True,app_wide_background_controls_present,"{""utility_action_found"": true, ""payment_gate_found"": false}",{},traces/persona-cell-P3-timeline.json,screenshots/persona-cell-P3-timeline-result.jpg;screenshots/persona-cell-P3-timeline-start.jpg;screenshots/persona-cell-P3-timeline-stop.jpg,"[""Assigned scripted persona; no human enjoyment or voluntary replay evidence."", ""Fresh seed-0 fixture; ads and onboarding disabled."", ""Image decisions use the current screenshot and a bounded live root-agent vision judgment; declared facts and visible feedback guide other choices."", ""Fixture purchase entitlement enabled; this run does not validate ordinary free-user monetization."", ""Result inspection included underlying Home/Explore/Watchlist controls. The scan cannot establish a game-result movie-utility route or payment gate; normalized route flags are unknown and original scan flags remain in the raw trace.""]"
P3,Jordan · interrupted player,oddOneOut,Odd Movie Out,revealed_after_stop,One or more release years outside declared knowledge,0,0,0,0/3 points,False,False,False,unknown (unverified app-wide result scan),unknown (unverified app-wide result scan),True,app_wide_background_controls_present,"{""utility_action_found"": true, ""payment_gate_found"": false}",{},traces/persona-cell-P3-oddOneOut.json,screenshots/persona-cell-P3-oddOneOut-result.jpg;screenshots/persona-cell-P3-oddOneOut-start.jpg;screenshots/persona-cell-P3-oddOneOut-stop.jpg,"[""Assigned scripted persona; no human enjoyment or voluntary replay evidence."", ""Fresh seed-0 fixture; ads and onboarding disabled."", ""Image decisions use the current screenshot and a bounded live root-agent vision judgment; declared facts and visible feedback guide other choices."", ""Fixture purchase entitlement enabled; this run does not validate ordinary free-user monetization."", ""Result inspection included underlying Home/Explore/Watchlist controls. The scan cannot establish a game-result movie-utility route or payment gate; normalized route flags are unknown and original scan flags remain in the raw trace.""]"
P3,Jordan · interrupted player,doubleFeature,Double Feature,revealed_after_stop,Remaining connection outside declared actor knowledge,2,0,1,0/3 points,True,True,False,unknown (unverified app-wide result scan),unknown (unverified app-wide result scan),True,app_wide_background_controls_present,"{""utility_action_found"": true, ""payment_gate_found"": false}",{},traces/persona-cell-P3-doubleFeature.json,screenshots/persona-cell-P3-doubleFeature-after-interruption.jpg;screenshots/persona-cell-P3-doubleFeature-before-interruption.jpg;screenshots/persona-cell-P3-doubleFeature-result.jpg;screenshots/persona-cell-P3-doubleFeature-start.jpg;screenshots/persona-cell-P3-doubleFeature-stop.jpg,"[""Assigned scripted persona; no human enjoyment or voluntary replay evidence."", ""Fresh seed-0 fixture; ads and onboarding disabled."", ""Image decisions use the current screenshot and a bounded live root-agent vision judgment; declared facts and visible feedback guide other choices."", ""Fixture purchase entitlement enabled; this run does not validate ordinary free-user monetization."", ""Recovery comparison covers points, selected/matched cards and progress labels; it does not prove all clues, feedback or board state persisted."", ""Result inspection included underlying Home/Explore/Watchlist controls. The scan cannot establish a game-result movie-utility route or payment gate; normalized route flags are unknown and original scan flags remain in the raw trace.""]"
P3,Jordan · interrupted player,detective,Movie Detective,earned_with_help,,2,1,1,2/3 points,True,True,False,False,False,False,arcade_sheet,{},{},traces/persona-cell-P3-detective.json,screenshots/persona-cell-P3-detective-after-interruption.jpg;screenshots/persona-cell-P3-detective-before-interruption.jpg;screenshots/persona-cell-P3-detective-result.jpg;screenshots/persona-cell-P3-detective-start.jpg,"[""Assigned scripted persona; no human enjoyment or voluntary replay evidence."", ""Fresh seed-0 fixture; ads and onboarding disabled."", ""Image decisions use the current screenshot and a bounded live root-agent vision judgment; declared facts and visible feedback guide other choices."", ""Fixture purchase entitlement enabled; this run does not validate ordinary free-user monetization."", ""Recovery comparison covers points, selected/matched cards and progress labels; it does not prove all clues, feedback or board state persisted.""]"
P3,Jordan · interrupted player,memory,Poster Memory,earned,,13,0,5,1/3 points,True,True,False,unknown (unverified app-wide result scan),unknown (unverified app-wide result scan),True,app_wide_background_controls_present,"{""utility_action_found"": true, ""payment_gate_found"": false}",{},traces/persona-cell-P3-memory.json,screenshots/persona-cell-P3-memory-after-interruption.jpg;screenshots/persona-cell-P3-memory-before-interruption.jpg;screenshots/persona-cell-P3-memory-result.jpg;screenshots/persona-cell-P3-memory-start.jpg,"[""Assigned scripted persona; no human enjoyment or voluntary replay evidence."", ""Fresh seed-0 fixture; ads and onboarding disabled."", ""Image decisions use the current screenshot and a bounded live root-agent vision judgment; declared facts and visible feedback guide other choices."", ""Fixture purchase entitlement enabled; this run does not validate ordinary free-user monetization."", ""Recovery comparison covers points, selected/matched cards and progress labels; it does not prove all clues, feedback or board state persisted."", ""Result inspection included underlying Home/Explore/Watchlist controls. The scan cannot establish a game-result movie-utility route or payment gate; normalized route flags are unknown and original scan flags remain in the raw trace.""]"
P3,Jordan · interrupted player,heist,Movie Heist,revealed_after_stop,Displayed film/cast outside declared actor knowledge,2,0,1,0/3 points,True,True,False,unknown (unverified app-wide result scan),unknown (unverified app-wide result scan),True,app_wide_background_controls_present,"{""utility_action_found"": true, ""payment_gate_found"": false}",{},traces/persona-cell-P3-heist.json,screenshots/persona-cell-P3-heist-after-interruption.jpg;screenshots/persona-cell-P3-heist-before-interruption.jpg;screenshots/persona-cell-P3-heist-lock1-3722986C-ECC3-484E-A56C-77D22EABB172.jpg;screenshots/persona-cell-P3-heist-result.jpg;screenshots/persona-cell-P3-heist-start.jpg;screenshots/persona-cell-P3-heist-stop.jpg,"[""Assigned scripted persona; no human enjoyment or voluntary replay evidence."", ""Fresh seed-0 fixture; ads and onboarding disabled."", ""Image decisions use the current screenshot and a bounded live root-agent vision judgment; declared facts and visible feedback guide other choices."", ""Fixture purchase entitlement enabled; this run does not validate ordinary free-user monetization."", ""Recovery comparison covers points, selected/matched cards and progress labels; it does not prove all clues, feedback or board state persisted."", ""Result inspection included underlying Home/Explore/Watchlist controls. The scan cannot establish a game-result movie-utility route or payment gate; normalized route flags are unknown and original scan flags remain in the raw trace.""]"
P3,Jordan · interrupted player,directorsCut,Director’s Cut,revealed_after_stop,Chronology includes a title/year outside declared knowledge,0,0,0,0/3 points,False,False,False,unknown (unverified app-wide result scan),unknown (unverified app-wide result scan),True,app_wide_background_controls_present,"{""utility_action_found"": true, ""payment_gate_found"": false}",{},traces/persona-cell-P3-directorsCut.json,screenshots/persona-cell-P3-directorsCut-result.jpg;screenshots/persona-cell-P3-directorsCut-start.jpg;screenshots/persona-cell-P3-directorsCut-stop.jpg,"[""Assigned scripted persona; no human enjoyment or voluntary replay evidence."", ""Fresh seed-0 fixture; ads and onboarding disabled."", ""Image decisions use the current screenshot and a bounded live root-agent vision judgment; declared facts and visible feedback guide other choices."", ""Fixture purchase entitlement enabled; this run does not validate ordinary free-user monetization."", ""Result inspection included underlying Home/Explore/Watchlist controls. The scan cannot establish a game-result movie-utility route or payment gate; normalized route flags are unknown and original scan flags remain in the raw trace.""]"
P4,Casey · discovery first,scene,Scene Spotter,earned,,1,0,1,3/3 points,False,False,False,unknown (unverified app-wide result scan),unknown (unverified app-wide result scan),True,app_wide_background_controls_present,"{""utility_action_found"": true, ""payment_gate_found"": false}",{},traces/persona-cell-P4-scene.json,screenshots/persona-cell-P4-scene-image-B2F9E509-365E-48ED-842E-DECFBAA06299.jpg;screenshots/persona-cell-P4-scene-result.jpg;screenshots/persona-cell-P4-scene-start.jpg,"[""Assigned scripted persona; no human enjoyment or voluntary replay evidence."", ""Fresh seed-0 fixture; ads and onboarding disabled."", ""Image decisions use the current screenshot and a bounded live root-agent vision judgment; declared facts and visible feedback guide other choices."", ""Fixture purchase entitlement enabled; this run does not validate ordinary free-user monetization."", ""Result inspection included underlying Home/Explore/Watchlist controls. The scan cannot establish a game-result movie-utility route or payment gate; normalized route flags are unknown and original scan flags remain in the raw trace.""]"
P4,Casey · discovery first,scramble,Movie Scramble,earned_with_help,,2,1,1,2/3 points,False,False,False,unknown (unverified app-wide result scan),unknown (unverified app-wide result scan),True,app_wide_background_controls_present,"{""utility_action_found"": true, ""payment_gate_found"": false}",{},traces/persona-cell-P4-scramble.json,screenshots/persona-cell-P4-scramble-image-118176B2-A7DE-4C36-9807-130BDD031255.jpg;screenshots/persona-cell-P4-scramble-result.jpg;screenshots/persona-cell-P4-scramble-start.jpg,"[""Assigned scripted persona; no human enjoyment or voluntary replay evidence."", ""Fresh seed-0 fixture; ads and onboarding disabled."", ""Image decisions use the current screenshot and a bounded live root-agent vision judgment; declared facts and visible feedback guide other choices."", ""Fixture purchase entitlement enabled; this run does not validate ordinary free-user monetization."", ""Used Assemble for Me: assisted restoration, not autonomous visual reconstruction."", ""Result inspection included underlying Home/Explore/Watchlist controls. The scan cannot establish a game-result movie-utility route or payment gate; normalized route flags are unknown and original scan flags remain in the raw trace.""]"
P4,Casey · discovery first,casting,Casting Call,earned,,1,0,1,3/3 points,False,False,False,unknown (unverified app-wide result scan),unknown (unverified app-wide result scan),True,app_wide_background_controls_present,"{""utility_action_found"": true, ""payment_gate_found"": false}",{},traces/persona-cell-P4-casting.json,screenshots/persona-cell-P4-casting-result.jpg;screenshots/persona-cell-P4-casting-start.jpg,"[""Assigned scripted persona; no human enjoyment or voluntary replay evidence."", ""Fresh seed-0 fixture; ads and onboarding disabled."", ""Image decisions use the current screenshot and a bounded live root-agent vision judgment; declared facts and visible feedback guide other choices."", ""Fixture purchase entitlement enabled; this run does not validate ordinary free-user monetization."", ""Result inspection included underlying Home/Explore/Watchlist controls. The scan cannot establish a game-result movie-utility route or payment gate; normalized route flags are unknown and original scan flags remain in the raw trace.""]"
P4,Casey · discovery first,timeline,Before or After?,revealed_after_stop,Incoming title/year outside declared knowledge: Avengers: Endgame,0,0,0,0/3 points,False,False,False,unknown (unverified app-wide result scan),unknown (unverified app-wide result scan),True,app_wide_background_controls_present,"{""utility_action_found"": true, ""payment_gate_found"": false}",{},traces/persona-cell-P4-timeline.json,screenshots/persona-cell-P4-timeline-result.jpg;screenshots/persona-cell-P4-timeline-start.jpg;screenshots/persona-cell-P4-timeline-stop.jpg,"[""Assigned scripted persona; no human enjoyment or voluntary replay evidence."", ""Fresh seed-0 fixture; ads and onboarding disabled."", ""Image decisions use the current screenshot and a bounded live root-agent vision judgment; declared facts and visible feedback guide other choices."", ""Fixture purchase entitlement enabled; this run does not validate ordinary free-user monetization."", ""Result inspection included underlying Home/Explore/Watchlist controls. The scan cannot establish a game-result movie-utility route or payment gate; normalized route flags are unknown and original scan flags remain in the raw trace.""]"
P4,Casey · discovery first,oddOneOut,Odd Movie Out,revealed_after_stop,One or more release years outside declared knowledge,0,0,0,0/3 points,False,False,False,unknown (unverified app-wide result scan),unknown (unverified app-wide result scan),True,app_wide_background_controls_present,"{""utility_action_found"": true, ""payment_gate_found"": false}",{},traces/persona-cell-P4-oddOneOut.json,screenshots/persona-cell-P4-oddOneOut-result.jpg;screenshots/persona-cell-P4-oddOneOut-start.jpg;screenshots/persona-cell-P4-oddOneOut-stop.jpg,"[""Assigned scripted persona; no human enjoyment or voluntary replay evidence."", ""Fresh seed-0 fixture; ads and onboarding disabled."", ""Image decisions use the current screenshot and a bounded live root-agent vision judgment; declared facts and visible feedback guide other choices."", ""Fixture purchase entitlement enabled; this run does not validate ordinary free-user monetization."", ""Result inspection included underlying Home/Explore/Watchlist controls. The scan cannot establish a game-result movie-utility route or payment gate; normalized route flags are unknown and original scan flags remain in the raw trace.""]"
P4,Casey · discovery first,doubleFeature,Double Feature,revealed_after_stop,Remaining connection outside declared actor knowledge,2,0,1,0/3 points,False,False,False,unknown (unverified app-wide result scan),unknown (unverified app-wide result scan),True,app_wide_background_controls_present,"{""utility_action_found"": true, ""payment_gate_found"": false}",{},traces/persona-cell-P4-doubleFeature.json,screenshots/persona-cell-P4-doubleFeature-result.jpg;screenshots/persona-cell-P4-doubleFeature-start.jpg;screenshots/persona-cell-P4-doubleFeature-stop.jpg,"[""Assigned scripted persona; no human enjoyment or voluntary replay evidence."", ""Fresh seed-0 fixture; ads and onboarding disabled."", ""Image decisions use the current screenshot and a bounded live root-agent vision judgment; declared facts and visible feedback guide other choices."", ""Fixture purchase entitlement enabled; this run does not validate ordinary free-user monetization."", ""Result inspection included underlying Home/Explore/Watchlist controls. The scan cannot establish a game-result movie-utility route or payment gate; normalized route flags are unknown and original scan flags remain in the raw trace.""]"
P4,Casey · discovery first,detective,Movie Detective,earned_with_help,,2,1,1,2/3 points,False,False,False,False,False,False,arcade_sheet,{},{},traces/persona-cell-P4-detective.json,screenshots/persona-cell-P4-detective-result.jpg;screenshots/persona-cell-P4-detective-start.jpg,"[""Assigned scripted persona; no human enjoyment or voluntary replay evidence."", ""Fresh seed-0 fixture; ads and onboarding disabled."", ""Image decisions use the current screenshot and a bounded live root-agent vision judgment; declared facts and visible feedback guide other choices."", ""Fixture purchase entitlement enabled; this run does not validate ordinary free-user monetization.""]"
P4,Casey · discovery first,memory,Poster Memory,earned,,13,0,5,1/3 points,False,False,False,unknown (unverified app-wide result scan),unknown (unverified app-wide result scan),True,app_wide_background_controls_present,"{""utility_action_found"": true, ""payment_gate_found"": false}",{},traces/persona-cell-P4-memory.json,screenshots/persona-cell-P4-memory-result.jpg;screenshots/persona-cell-P4-memory-start.jpg,"[""Assigned scripted persona; no human enjoyment or voluntary replay evidence."", ""Fresh seed-0 fixture; ads and onboarding disabled."", ""Image decisions use the current screenshot and a bounded live root-agent vision judgment; declared facts and visible feedback guide other choices."", ""Fixture purchase entitlement enabled; this run does not validate ordinary free-user monetization."", ""Result inspection included underlying Home/Explore/Watchlist controls. The scan cannot establish a game-result movie-utility route or payment gate; normalized route flags are unknown and original scan flags remain in the raw trace.""]"
P4,Casey · discovery first,heist,Movie Heist,revealed_after_stop,Displayed film/cast outside declared actor knowledge,2,0,1,0/3 points,False,False,False,unknown (unverified app-wide result scan),unknown (unverified app-wide result scan),True,app_wide_background_controls_present,"{""utility_action_found"": true, ""payment_gate_found"": false}",{},traces/persona-cell-P4-heist.json,screenshots/persona-cell-P4-heist-lock1-85BBB8B6-FBE5-4110-AAF9-A22EE8218BD5.jpg;screenshots/persona-cell-P4-heist-result.jpg;screenshots/persona-cell-P4-heist-start.jpg;screenshots/persona-cell-P4-heist-stop.jpg,"[""Assigned scripted persona; no human enjoyment or voluntary replay evidence."", ""Fresh seed-0 fixture; ads and onboarding disabled."", ""Image decisions use the current screenshot and a bounded live root-agent vision judgment; declared facts and visible feedback guide other choices."", ""Fixture purchase entitlement enabled; this run does not validate ordinary free-user monetization."", ""Result inspection included underlying Home/Explore/Watchlist controls. The scan cannot establish a game-result movie-utility route or payment gate; normalized route flags are unknown and original scan flags remain in the raw trace.""]"
P4,Casey · discovery first,directorsCut,Director’s Cut,revealed_after_stop,Chronology includes a title/year outside declared knowledge,0,0,0,0/3 points,False,False,False,unknown (unverified app-wide result scan),unknown (unverified app-wide result scan),True,app_wide_background_controls_present,"{""utility_action_found"": true, ""payment_gate_found"": false}",{},traces/persona-cell-P4-directorsCut.json,screenshots/persona-cell-P4-directorsCut-result.jpg;screenshots/persona-cell-P4-directorsCut-start.jpg;screenshots/persona-cell-P4-directorsCut-stop.jpg,"[""Assigned scripted persona; no human enjoyment or voluntary replay evidence."", ""Fresh seed-0 fixture; ads and onboarding disabled."", ""Image decisions use the current screenshot and a bounded live root-agent vision judgment; declared facts and visible feedback guide other choices."", ""Fixture purchase entitlement enabled; this run does not validate ordinary free-user monetization."", ""Result inspection included underlying Home/Explore/Watchlist controls. The scan cannot establish a game-result movie-utility route or payment gate; normalized route flags are unknown and original scan flags remain in the raw trace.""]"
P5,Morgan · larger text,scene,Scene Spotter,earned,,1,0,1,3/3 points,False,False,False,False,False,False,arcade_sheet,{},{},traces/persona-cell-P5-scene.json,screenshots/persona-cell-P5-scene-image-4ECE3779-0538-4727-B6B2-073C93FD6E97.jpg;screenshots/persona-cell-P5-scene-result.jpg;screenshots/persona-cell-P5-scene-start.jpg,"[""Assigned scripted persona; no human enjoyment or voluntary replay evidence."", ""Fresh seed-0 fixture; ads and onboarding disabled."", ""Image decisions use the current screenshot and a bounded live root-agent vision judgment; declared facts and visible feedback guide other choices."", ""Fixture purchase entitlement enabled; this run does not validate ordinary free-user monetization."", ""Accessibility XXXL only; VoiceOver and Reduce Motion not exercised.""]"
P5,Morgan · larger text,scramble,Movie Scramble,earned_with_help,,2,1,1,2/3 points,False,False,False,False,False,False,arcade_sheet,{},{},traces/persona-cell-P5-scramble.json,screenshots/persona-cell-P5-scramble-image-00C448AF-58EF-4D5B-BBD0-041C10638084.jpg;screenshots/persona-cell-P5-scramble-result.jpg;screenshots/persona-cell-P5-scramble-start.jpg,"[""Assigned scripted persona; no human enjoyment or voluntary replay evidence."", ""Fresh seed-0 fixture; ads and onboarding disabled."", ""Image decisions use the current screenshot and a bounded live root-agent vision judgment; declared facts and visible feedback guide other choices."", ""Fixture purchase entitlement enabled; this run does not validate ordinary free-user monetization."", ""Accessibility XXXL only; VoiceOver and Reduce Motion not exercised."", ""Used Assemble for Me: assisted restoration, not autonomous visual reconstruction.""]"
P5,Morgan · larger text,casting,Casting Call,earned,,1,0,1,3/3 points,False,False,False,unknown (unverified app-wide result scan),unknown (unverified app-wide result scan),True,app_wide_background_controls_present,"{""utility_action_found"": true, ""payment_gate_found"": false}",{},traces/persona-cell-P5-casting.json,screenshots/persona-cell-P5-casting-result.jpg;screenshots/persona-cell-P5-casting-start.jpg,"[""Assigned scripted persona; no human enjoyment or voluntary replay evidence."", ""Fresh seed-0 fixture; ads and onboarding disabled."", ""Image decisions use the current screenshot and a bounded live root-agent vision judgment; declared facts and visible feedback guide other choices."", ""Fixture purchase entitlement enabled; this run does not validate ordinary free-user monetization."", ""Accessibility XXXL only; VoiceOver and Reduce Motion not exercised."", ""Result inspection included underlying Home/Explore/Watchlist controls. The scan cannot establish a game-result movie-utility route or payment gate; normalized route flags are unknown and original scan flags remain in the raw trace.""]"
P5,Morgan · larger text,timeline,Before or After?,earned,,5,0,3,3/3 points,False,False,False,False,False,False,arcade_sheet,{},{},traces/persona-cell-P5-timeline.json,screenshots/persona-cell-P5-timeline-result.jpg;screenshots/persona-cell-P5-timeline-start.jpg,"[""Assigned scripted persona; no human enjoyment or voluntary replay evidence."", ""Fresh seed-0 fixture; ads and onboarding disabled."", ""Image decisions use the current screenshot and a bounded live root-agent vision judgment; declared facts and visible feedback guide other choices."", ""Fixture purchase entitlement enabled; this run does not validate ordinary free-user monetization."", ""Accessibility XXXL only; VoiceOver and Reduce Motion not exercised.""]"
P5,Morgan · larger text,oddOneOut,Odd Movie Out,earned,,1,0,1,3/3 points,False,False,False,False,False,False,arcade_sheet,{},{},traces/persona-cell-P5-oddOneOut.json,screenshots/persona-cell-P5-oddOneOut-result.jpg;screenshots/persona-cell-P5-oddOneOut-start.jpg,"[""Assigned scripted persona; no human enjoyment or voluntary replay evidence."", ""Fresh seed-0 fixture; ads and onboarding disabled."", ""Image decisions use the current screenshot and a bounded live root-agent vision judgment; declared facts and visible feedback guide other choices."", ""Fixture purchase entitlement enabled; this run does not validate ordinary free-user monetization."", ""Accessibility XXXL only; VoiceOver and Reduce Motion not exercised.""]"
P5,Morgan · larger text,doubleFeature,Double Feature,earned,,6,0,3,3/3 points,False,False,False,False,False,False,arcade_sheet,{},{},traces/persona-cell-P5-doubleFeature.json,screenshots/persona-cell-P5-doubleFeature-result.jpg;screenshots/persona-cell-P5-doubleFeature-start.jpg,"[""Assigned scripted persona; no human enjoyment or voluntary replay evidence."", ""Fresh seed-0 fixture; ads and onboarding disabled."", ""Image decisions use the current screenshot and a bounded live root-agent vision judgment; declared facts and visible feedback guide other choices."", ""Fixture purchase entitlement enabled; this run does not validate ordinary free-user monetization."", ""Accessibility XXXL only; VoiceOver and Reduce Motion not exercised.""]"
P5,Morgan · larger text,detective,Movie Detective,earned_with_help,,2,1,1,2/3 points,False,False,False,False,False,False,arcade_sheet,{},{},traces/persona-cell-P5-detective.json,screenshots/persona-cell-P5-detective-result.jpg;screenshots/persona-cell-P5-detective-start.jpg,"[""Assigned scripted persona; no human enjoyment or voluntary replay evidence."", ""Fresh seed-0 fixture; ads and onboarding disabled."", ""Image decisions use the current screenshot and a bounded live root-agent vision judgment; declared facts and visible feedback guide other choices."", ""Fixture purchase entitlement enabled; this run does not validate ordinary free-user monetization."", ""Accessibility XXXL only; VoiceOver and Reduce Motion not exercised.""]"
P5,Morgan · larger text,memory,Poster Memory,earned,,13,0,5,1/3 points,False,False,False,False,False,False,arcade_sheet,{},{},traces/persona-cell-P5-memory.json,screenshots/persona-cell-P5-memory-result.jpg;screenshots/persona-cell-P5-memory-start.jpg,"[""Assigned scripted persona; no human enjoyment or voluntary replay evidence."", ""Fresh seed-0 fixture; ads and onboarding disabled."", ""Image decisions use the current screenshot and a bounded live root-agent vision judgment; declared facts and visible feedback guide other choices."", ""Fixture purchase entitlement enabled; this run does not validate ordinary free-user monetization."", ""Accessibility XXXL only; VoiceOver and Reduce Motion not exercised.""]"
P5,Morgan · larger text,heist,Movie Heist,earned,,5,0,3,3/3 points,False,False,False,False,False,False,arcade_sheet,{},{},traces/persona-cell-P5-heist.json,screenshots/persona-cell-P5-heist-lock1-1C8808C1-52E4-4525-B28D-A061C1DD3393.jpg;screenshots/persona-cell-P5-heist-result.jpg;screenshots/persona-cell-P5-heist-start.jpg,"[""Assigned scripted persona; no human enjoyment or voluntary replay evidence."", ""Fresh seed-0 fixture; ads and onboarding disabled."", ""Image decisions use the current screenshot and a bounded live root-agent vision judgment; declared facts and visible feedback guide other choices."", ""Fixture purchase entitlement enabled; this run does not validate ordinary free-user monetization."", ""Accessibility XXXL only; VoiceOver and Reduce Motion not exercised.""]"
P5,Morgan · larger text,directorsCut,Director’s Cut,earned,,3,0,3,3/3 points,False,False,False,False,False,False,arcade_sheet,{},{},traces/persona-cell-P5-directorsCut.json,screenshots/persona-cell-P5-directorsCut-result.jpg;screenshots/persona-cell-P5-directorsCut-start.jpg,"[""Assigned scripted persona; no human enjoyment or voluntary replay evidence."", ""Fresh seed-0 fixture; ads and onboarding disabled."", ""Image decisions use the current screenshot and a bounded live root-agent vision judgment; declared facts and visible feedback guide other choices."", ""Fixture purchase entitlement enabled; this run does not validate ordinary free-user monetization."", ""Accessibility XXXL only; VoiceOver and Reduce Motion not exercised.""]"
P6,Riley · skeptical buyer,scene,Scene Spotter,earned,,2,0,2,2/3 points,False,False,False,False,False,False,arcade_sheet,{},{},traces/persona-cell-P6-scene.json,screenshots/persona-cell-P6-scene-image-CD055DBF-F6B1-4F20-80D2-5C37616A379C.jpg;screenshots/persona-cell-P6-scene-result.jpg;screenshots/persona-cell-P6-scene-start.jpg,"[""Assigned scripted persona; no human enjoyment or voluntary replay evidence."", ""Fresh seed-0 fixture; ads and onboarding disabled."", ""Image decisions use the current screenshot and a bounded live root-agent vision judgment; declared facts and visible feedback guide other choices."", ""Unpaid fixture, monetization suppressed; no normal startup ad, live purchase or restore evidence. Payment scan covers only isolated game result controls.""]"
P6,Riley · skeptical buyer,scramble,Movie Scramble,earned_with_help,,3,1,2,1/3 points,False,False,False,False,False,False,arcade_sheet,{},{},traces/persona-cell-P6-scramble.json,screenshots/persona-cell-P6-scramble-image-9A33F264-4904-45F2-9E7A-3D5C7CD26706.jpg;screenshots/persona-cell-P6-scramble-result.jpg;screenshots/persona-cell-P6-scramble-start.jpg,"[""Assigned scripted persona; no human enjoyment or voluntary replay evidence."", ""Fresh seed-0 fixture; ads and onboarding disabled."", ""Image decisions use the current screenshot and a bounded live root-agent vision judgment; declared facts and visible feedback guide other choices."", ""Unpaid fixture, monetization suppressed; no normal startup ad, live purchase or restore evidence. Payment scan covers only isolated game result controls."", ""Used Assemble for Me: assisted restoration, not autonomous visual reconstruction.""]"
P6,Riley · skeptical buyer,casting,Casting Call,earned,,2,0,2,2/3 points,False,False,False,False,False,False,arcade_sheet,{},{},traces/persona-cell-P6-casting.json,screenshots/persona-cell-P6-casting-result.jpg;screenshots/persona-cell-P6-casting-start.jpg,"[""Assigned scripted persona; no human enjoyment or voluntary replay evidence."", ""Fresh seed-0 fixture; ads and onboarding disabled."", ""Image decisions use the current screenshot and a bounded live root-agent vision judgment; declared facts and visible feedback guide other choices."", ""Unpaid fixture, monetization suppressed; no normal startup ad, live purchase or restore evidence. Payment scan covers only isolated game result controls.""]"
P6,Riley · skeptical buyer,timeline,Before or After?,revealed_after_stop,Incoming title/year outside declared knowledge: Avengers: Endgame,0,0,0,0/3 points,False,False,False,False,False,False,arcade_sheet,{},{},traces/persona-cell-P6-timeline.json,screenshots/persona-cell-P6-timeline-result.jpg;screenshots/persona-cell-P6-timeline-start.jpg;screenshots/persona-cell-P6-timeline-stop.jpg,"[""Assigned scripted persona; no human enjoyment or voluntary replay evidence."", ""Fresh seed-0 fixture; ads and onboarding disabled."", ""Image decisions use the current screenshot and a bounded live root-agent vision judgment; declared facts and visible feedback guide other choices."", ""Unpaid fixture, monetization suppressed; no normal startup ad, live purchase or restore evidence. Payment scan covers only isolated game result controls.""]"
P6,Riley · skeptical buyer,oddOneOut,Odd Movie Out,revealed_after_stop,One or more release years outside declared knowledge,0,0,0,0/3 points,False,False,False,False,False,False,arcade_sheet,{},{},traces/persona-cell-P6-oddOneOut.json,screenshots/persona-cell-P6-oddOneOut-result.jpg;screenshots/persona-cell-P6-oddOneOut-start.jpg;screenshots/persona-cell-P6-oddOneOut-stop.jpg,"[""Assigned scripted persona; no human enjoyment or voluntary replay evidence."", ""Fresh seed-0 fixture; ads and onboarding disabled."", ""Image decisions use the current screenshot and a bounded live root-agent vision judgment; declared facts and visible feedback guide other choices."", ""Unpaid fixture, monetization suppressed; no normal startup ad, live purchase or restore evidence. Payment scan covers only isolated game result controls.""]"
P6,Riley · skeptical buyer,doubleFeature,Double Feature,revealed_after_stop,Remaining connection outside declared actor knowledge,5,0,2,0/3 points,False,False,False,False,False,False,arcade_sheet,{},{},traces/persona-cell-P6-doubleFeature.json,screenshots/persona-cell-P6-doubleFeature-result.jpg;screenshots/persona-cell-P6-doubleFeature-start.jpg;screenshots/persona-cell-P6-doubleFeature-stop.jpg,"[""Assigned scripted persona; no human enjoyment or voluntary replay evidence."", ""Fresh seed-0 fixture; ads and onboarding disabled."", ""Image decisions use the current screenshot and a bounded live root-agent vision judgment; declared facts and visible feedback guide other choices."", ""Unpaid fixture, monetization suppressed; no normal startup ad, live purchase or restore evidence. Payment scan covers only isolated game result controls."", ""Connection outside known relationships was an exploratory guess, not a guaranteed mistake.""]"
P6,Riley · skeptical buyer,detective,Movie Detective,earned_with_help,,3,1,2,1/3 points,False,False,False,False,False,False,arcade_sheet,{},{},traces/persona-cell-P6-detective.json,screenshots/persona-cell-P6-detective-result.jpg;screenshots/persona-cell-P6-detective-start.jpg,"[""Assigned scripted persona; no human enjoyment or voluntary replay evidence."", ""Fresh seed-0 fixture; ads and onboarding disabled."", ""Image decisions use the current screenshot and a bounded live root-agent vision judgment; declared facts and visible feedback guide other choices."", ""Unpaid fixture, monetization suppressed; no normal startup ad, live purchase or restore evidence. Payment scan covers only isolated game result controls.""]"
P6,Riley · skeptical buyer,memory,Poster Memory,earned,,13,0,5,1/3 points,False,False,False,False,False,False,arcade_sheet,{},{},traces/persona-cell-P6-memory.json,screenshots/persona-cell-P6-memory-result.jpg;screenshots/persona-cell-P6-memory-start.jpg,"[""Assigned scripted persona; no human enjoyment or voluntary replay evidence."", ""Fresh seed-0 fixture; ads and onboarding disabled."", ""Image decisions use the current screenshot and a bounded live root-agent vision judgment; declared facts and visible feedback guide other choices."", ""Unpaid fixture, monetization suppressed; no normal startup ad, live purchase or restore evidence. Payment scan covers only isolated game result controls.""]"
P6,Riley · skeptical buyer,heist,Movie Heist,revealed_after_stop,Displayed film/cast outside declared actor knowledge,3,0,2,0/3 points,False,False,False,False,False,False,arcade_sheet,{},{},traces/persona-cell-P6-heist.json,screenshots/persona-cell-P6-heist-lock1-60F10329-C59E-4B22-91B6-9ACD6E7124F8.jpg;screenshots/persona-cell-P6-heist-result.jpg;screenshots/persona-cell-P6-heist-start.jpg;screenshots/persona-cell-P6-heist-stop.jpg,"[""Assigned scripted persona; no human enjoyment or voluntary replay evidence."", ""Fresh seed-0 fixture; ads and onboarding disabled."", ""Image decisions use the current screenshot and a bounded live root-agent vision judgment; declared facts and visible feedback guide other choices."", ""Unpaid fixture, monetization suppressed; no normal startup ad, live purchase or restore evidence. Payment scan covers only isolated game result controls.""]"
P6,Riley · skeptical buyer,directorsCut,Director’s Cut,revealed_after_stop,Chronology includes a title/year outside declared knowledge,0,0,0,0/3 points,False,False,False,False,False,False,arcade_sheet,{},{},traces/persona-cell-P6-directorsCut.json,screenshots/persona-cell-P6-directorsCut-result.jpg;screenshots/persona-cell-P6-directorsCut-start.jpg;screenshots/persona-cell-P6-directorsCut-stop.jpg,"[""Assigned scripted persona; no human enjoyment or voluntary replay evidence."", ""Fresh seed-0 fixture; ads and onboarding disabled."", ""Image decisions use the current screenshot and a bounded live root-agent vision judgment; declared facts and visible feedback guide other choices."", ""Unpaid fixture, monetization suppressed; no normal startup ad, live purchase or restore evidence. Payment scan covers only isolated game result controls.""]"
P7,Taylor · multilingual viewer,scene,Scene Spotter,earned,,1,0,1,3/3 points,False,False,False,False,False,False,arcade_sheet,{},{},traces/persona-cell-P7-scene.json,screenshots/persona-cell-P7-scene-image-F0E4DCED-D364-4C9F-A611-6959098DBFCD.jpg;screenshots/persona-cell-P7-scene-result.jpg;screenshots/persona-cell-P7-scene-start.jpg,"[""Assigned scripted persona; no human enjoyment or voluntary replay evidence."", ""Fresh seed-0 fixture; ads and onboarding disabled."", ""Image decisions use the current screenshot and a bounded live root-agent vision judgment; declared facts and visible feedback guide other choices."", ""Fixture purchase entitlement enabled; this run does not validate ordinary free-user monetization."", ""Spanish locale; weak-English policy, controller can locate untranslated controls.""]"
P7,Taylor · multilingual viewer,scramble,Movie Scramble,earned_with_help,,2,1,1,2/3 points,False,False,False,False,False,False,arcade_sheet,{},{},traces/persona-cell-P7-scramble.json,screenshots/persona-cell-P7-scramble-image-377B168F-D079-4399-9B95-E672C7C0D18F.jpg;screenshots/persona-cell-P7-scramble-result.jpg;screenshots/persona-cell-P7-scramble-start.jpg,"[""Assigned scripted persona; no human enjoyment or voluntary replay evidence."", ""Fresh seed-0 fixture; ads and onboarding disabled."", ""Image decisions use the current screenshot and a bounded live root-agent vision judgment; declared facts and visible feedback guide other choices."", ""Fixture purchase entitlement enabled; this run does not validate ordinary free-user monetization."", ""Spanish locale; weak-English policy, controller can locate untranslated controls."", ""Used Assemble for Me: assisted restoration, not autonomous visual reconstruction.""]"
P7,Taylor · multilingual viewer,casting,Casting Call,revealed_after_stop,Untranslated English knowledge-dependent instructions,0,0,0,0/3 points,False,False,False,False,False,False,arcade_sheet,{},{},traces/persona-cell-P7-casting.json,screenshots/persona-cell-P7-casting-result.jpg;screenshots/persona-cell-P7-casting-start.jpg;screenshots/persona-cell-P7-casting-stop.jpg,"[""Assigned scripted persona; no human enjoyment or voluntary replay evidence."", ""Fresh seed-0 fixture; ads and onboarding disabled."", ""Image decisions use the current screenshot and a bounded live root-agent vision judgment; declared facts and visible feedback guide other choices."", ""Fixture purchase entitlement enabled; this run does not validate ordinary free-user monetization."", ""Spanish locale; weak-English policy, controller can locate untranslated controls.""]"
P7,Taylor · multilingual viewer,timeline,Before or After?,revealed_after_stop,Untranslated English knowledge-dependent instructions,0,0,0,0/3 points,False,False,False,False,False,False,arcade_sheet,{},{},traces/persona-cell-P7-timeline.json,screenshots/persona-cell-P7-timeline-result.jpg;screenshots/persona-cell-P7-timeline-start.jpg;screenshots/persona-cell-P7-timeline-stop.jpg,"[""Assigned scripted persona; no human enjoyment or voluntary replay evidence."", ""Fresh seed-0 fixture; ads and onboarding disabled."", ""Image decisions use the current screenshot and a bounded live root-agent vision judgment; declared facts and visible feedback guide other choices."", ""Fixture purchase entitlement enabled; this run does not validate ordinary free-user monetization."", ""Spanish locale; weak-English policy, controller can locate untranslated controls.""]"
P7,Taylor · multilingual viewer,oddOneOut,Odd Movie Out,revealed_after_stop,Untranslated English knowledge-dependent instructions,0,0,0,0/3 points,False,False,False,False,False,False,arcade_sheet,{},{},traces/persona-cell-P7-oddOneOut.json,screenshots/persona-cell-P7-oddOneOut-result.jpg;screenshots/persona-cell-P7-oddOneOut-start.jpg;screenshots/persona-cell-P7-oddOneOut-stop.jpg,"[""Assigned scripted persona; no human enjoyment or voluntary replay evidence."", ""Fresh seed-0 fixture; ads and onboarding disabled."", ""Image decisions use the current screenshot and a bounded live root-agent vision judgment; declared facts and visible feedback guide other choices."", ""Fixture purchase entitlement enabled; this run does not validate ordinary free-user monetization."", ""Spanish locale; weak-English policy, controller can locate untranslated controls.""]"
P7,Taylor · multilingual viewer,doubleFeature,Double Feature,revealed_after_stop,Untranslated English knowledge-dependent instructions,0,0,0,0/3 points,False,False,False,False,False,False,arcade_sheet,{},{},traces/persona-cell-P7-doubleFeature.json,screenshots/persona-cell-P7-doubleFeature-result.jpg;screenshots/persona-cell-P7-doubleFeature-start.jpg;screenshots/persona-cell-P7-doubleFeature-stop.jpg,"[""Assigned scripted persona; no human enjoyment or voluntary replay evidence."", ""Fresh seed-0 fixture; ads and onboarding disabled."", ""Image decisions use the current screenshot and a bounded live root-agent vision judgment; declared facts and visible feedback guide other choices."", ""Fixture purchase entitlement enabled; this run does not validate ordinary free-user monetization."", ""Spanish locale; weak-English policy, controller can locate untranslated controls.""]"
P7,Taylor · multilingual viewer,detective,Movie Detective,revealed_after_stop,Plot clue is untranslated English; no declared native-language inference,1,1,0,0/3 points,False,False,False,False,False,False,arcade_sheet,{},{},traces/persona-cell-P7-detective.json,screenshots/persona-cell-P7-detective-result.jpg;screenshots/persona-cell-P7-detective-start.jpg;screenshots/persona-cell-P7-detective-stop.jpg,"[""Assigned scripted persona; no human enjoyment or voluntary replay evidence."", ""Fresh seed-0 fixture; ads and onboarding disabled."", ""Image decisions use the current screenshot and a bounded live root-agent vision judgment; declared facts and visible feedback guide other choices."", ""Fixture purchase entitlement enabled; this run does not validate ordinary free-user monetization."", ""Spanish locale; weak-English policy, controller can locate untranslated controls.""]"
P7,Taylor · multilingual viewer,memory,Poster Memory,earned,,13,0,5,1/3 points,False,False,False,False,False,False,arcade_sheet,{},{},traces/persona-cell-P7-memory.json,screenshots/persona-cell-P7-memory-result.jpg;screenshots/persona-cell-P7-memory-start.jpg,"[""Assigned scripted persona; no human enjoyment or voluntary replay evidence."", ""Fresh seed-0 fixture; ads and onboarding disabled."", ""Image decisions use the current screenshot and a bounded live root-agent vision judgment; declared facts and visible feedback guide other choices."", ""Fixture purchase entitlement enabled; this run does not validate ordinary free-user monetization."", ""Spanish locale; weak-English policy, controller can locate untranslated controls.""]"
P7,Taylor · multilingual viewer,heist,Movie Heist,revealed_after_stop,Heist cast lock requires unknown actor knowledge,2,0,1,0/3 points,False,False,False,False,False,False,arcade_sheet,{},{},traces/persona-cell-P7-heist.json,screenshots/persona-cell-P7-heist-lock1-B8661543-DD4A-467B-9CED-11B84FC7F351.jpg;screenshots/persona-cell-P7-heist-result.jpg;screenshots/persona-cell-P7-heist-start.jpg;screenshots/persona-cell-P7-heist-stop.jpg,"[""Assigned scripted persona; no human enjoyment or voluntary replay evidence."", ""Fresh seed-0 fixture; ads and onboarding disabled."", ""Image decisions use the current screenshot and a bounded live root-agent vision judgment; declared facts and visible feedback guide other choices."", ""Fixture purchase entitlement enabled; this run does not validate ordinary free-user monetization."", ""Spanish locale; weak-English policy, controller can locate untranslated controls.""]"
P7,Taylor · multilingual viewer,directorsCut,Director’s Cut,revealed_after_stop,Untranslated English knowledge-dependent instructions,0,0,0,0/3 points,False,False,False,False,False,False,arcade_sheet,{},{},traces/persona-cell-P7-directorsCut.json,screenshots/persona-cell-P7-directorsCut-result.jpg;screenshots/persona-cell-P7-directorsCut-start.jpg;screenshots/persona-cell-P7-directorsCut-stop.jpg,"[""Assigned scripted persona; no human enjoyment or voluntary replay evidence."", ""Fresh seed-0 fixture; ads and onboarding disabled."", ""Image decisions use the current screenshot and a bounded live root-agent vision judgment; declared facts and visible feedback guide other choices."", ""Fixture purchase entitlement enabled; this run does not validate ordinary free-user monetization."", ""Spanish locale; weak-English policy, controller can locate untranslated controls.""]"
