dim_AD_UNIT,dim_APP,dim_COUNTRY,dim_DATE,dim_PLATFORM,met_AD_REQUESTS,met_CLICKS,met_ESTIMATED_EARNINGS,met_IMPRESSIONS,met_MATCHED_REQUESTS
ca-app-pub-7891478850122465/6565020438,ca-app-pub-7891478850122465~6704621236,AR,20260125,iOS,5,0,0,0,5
ca-app-pub-7891478850122465/8171033829,ca-app-pub-7891478850122465~6704621236,AR,20260125,iOS,1,0,775,1,1
ca-app-pub-7891478850122465/6565020438,ca-app-pub-7891478850122465~6704621236,AU,20260125,iOS,10,0,0,0,10
ca-app-pub-7891478850122465/8171033829,ca-app-pub-7891478850122465~6704621236,AU,20260125,iOS,1,0,1672,1,1
ca-app-pub-7891478850122465/6565020438,ca-app-pub-7891478850122465~6704621236,BJ,20260125,iOS,21,0,0,0,21
ca-app-pub-7891478850122465/8171033829,ca-app-pub-7891478850122465~6704621236,BJ,20260125,iOS,6,0,2179,5,6
ca-app-pub-7891478850122465/6565020438,ca-app-pub-7891478850122465~6704621236,BR,20260125,iOS,8,0,0,0,8
ca-app-pub-7891478850122465/8171033829,ca-app-pub-7891478850122465~6704621236,BR,20260125,iOS,1,0,0,0,1
ca-app-pub-7891478850122465/6565020438,ca-app-pub-7891478850122465~6704621236,CA,20260125,iOS,58,0,18881,1,58
ca-app-pub-7891478850122465/8171033829,ca-app-pub-7891478850122465~6704621236,CA,20260125,iOS,15,0,8714,10,15
ca-app-pub-7891478850122465/6565020438,ca-app-pub-7891478850122465~6704621236,CD,20260125,iOS,26,0,7815,2,26
ca-app-pub-7891478850122465/8171033829,ca-app-pub-7891478850122465~6704621236,CD,20260125,iOS,4,0,1867,3,4
ca-app-pub-7891478850122465/6565020438,ca-app-pub-7891478850122465~6704621236,CH,20260125,iOS,34,0,0,0,34
ca-app-pub-7891478850122465/8171033829,ca-app-pub-7891478850122465~6704621236,CH,20260125,iOS,19,0,5304,5,7
ca-app-pub-7891478850122465/6565020438,ca-app-pub-7891478850122465~6704621236,CO,20260125,iOS,21,0,0,0,21
ca-app-pub-7891478850122465/8171033829,ca-app-pub-7891478850122465~6704621236,CO,20260125,iOS,3,0,300,3,3
ca-app-pub-7891478850122465/6565020438,ca-app-pub-7891478850122465~6704621236,ES,20260125,iOS,23,0,0,0,23
ca-app-pub-7891478850122465/8171033829,ca-app-pub-7891478850122465~6704621236,ES,20260125,iOS,2,0,624,2,2
ca-app-pub-7891478850122465/8171033829,ca-app-pub-7891478850122465~6704621236,FR,20260125,iOS,1,0,189,1,1
ca-app-pub-7891478850122465/6565020438,ca-app-pub-7891478850122465~6704621236,GA,20260125,iOS,62,0,2280,1,62
ca-app-pub-7891478850122465/8171033829,ca-app-pub-7891478850122465~6704621236,GA,20260125,iOS,5,1,2334,4,5
ca-app-pub-7891478850122465/6565020438,ca-app-pub-7891478850122465~6704621236,GB,20260125,iOS,19,0,16426,1,19
ca-app-pub-7891478850122465/8171033829,ca-app-pub-7891478850122465~6704621236,GB,20260125,iOS,3,0,2728,3,3
ca-app-pub-7891478850122465/6565020438,ca-app-pub-7891478850122465~6704621236,IN,20260125,iOS,14,0,693,1,14
ca-app-pub-7891478850122465/8171033829,ca-app-pub-7891478850122465~6704621236,IN,20260125,iOS,2,0,0,0,2
ca-app-pub-7891478850122465/6565020438,ca-app-pub-7891478850122465~6704621236,LU,20260125,iOS,13,0,0,0,13
ca-app-pub-7891478850122465/8171033829,ca-app-pub-7891478850122465~6704621236,LU,20260125,iOS,3,0,3690,3,3
ca-app-pub-7891478850122465/6565020438,ca-app-pub-7891478850122465~6704621236,MM,20260125,iOS,8,0,0,0,8
ca-app-pub-7891478850122465/8171033829,ca-app-pub-7891478850122465~6704621236,MM,20260125,iOS,2,0,0,0,2
ca-app-pub-7891478850122465/6565020438,ca-app-pub-7891478850122465~6704621236,NG,20260125,iOS,25,0,0,0,25
ca-app-pub-7891478850122465/8171033829,ca-app-pub-7891478850122465~6704621236,NG,20260125,iOS,4,0,502,4,4
ca-app-pub-7891478850122465/6565020438,ca-app-pub-7891478850122465~6704621236,PL,20260125,iOS,29,0,2441,1,29
ca-app-pub-7891478850122465/8171033829,ca-app-pub-7891478850122465~6704621236,PL,20260125,iOS,10,0,1606,9,10
ca-app-pub-7891478850122465/6565020438,ca-app-pub-7891478850122465~6704621236,SE,20260125,iOS,7,0,0,0,7
ca-app-pub-7891478850122465/8171033829,ca-app-pub-7891478850122465~6704621236,SE,20260125,iOS,2,1,785,2,2
ca-app-pub-7891478850122465/5088176833,ca-app-pub-7891478850122465~8181354433,US,20260125,iOS,2,0,0,0,2
ca-app-pub-7891478850122465/6565020438,ca-app-pub-7891478850122465~6704621236,US,20260125,iOS,344,2,264324,7,344
ca-app-pub-7891478850122465/8171033829,ca-app-pub-7891478850122465~6704621236,US,20260125,iOS,83,14,305133,64,83
ca-app-pub-7891478850122465/6565020438,ca-app-pub-7891478850122465~6704621236,AO,20260126,iOS,6,0,3040,1,6
ca-app-pub-7891478850122465/6565020438,ca-app-pub-7891478850122465~6704621236,AR,20260126,iOS,9,0,5810,1,9
ca-app-pub-7891478850122465/8171033829,ca-app-pub-7891478850122465~6704621236,AR,20260126,iOS,2,0,1801,2,2
ca-app-pub-7891478850122465/3611443638,ca-app-pub-7891478850122465~8181354433,AU,20260126,iOS,1,0,0,0,1
ca-app-pub-7891478850122465/5088176833,ca-app-pub-7891478850122465~8181354433,AU,20260126,iOS,2,0,0,0,2
ca-app-pub-7891478850122465/6565020438,ca-app-pub-7891478850122465~6704621236,DE,20260126,iOS,12,0,0,0,12
ca-app-pub-7891478850122465/8171033829,ca-app-pub-7891478850122465~6704621236,DE,20260126,iOS,2,0,350,1,2
ca-app-pub-7891478850122465/6565020438,ca-app-pub-7891478850122465~6704621236,FR,20260126,iOS,138,0,87636,7,138
ca-app-pub-7891478850122465/8171033829,ca-app-pub-7891478850122465~6704621236,FR,20260126,iOS,27,0,13936,22,27
ca-app-pub-7891478850122465/6565020438,ca-app-pub-7891478850122465~6704621236,GH,20260126,iOS,10,0,3079,1,10
ca-app-pub-7891478850122465/8171033829,ca-app-pub-7891478850122465~6704621236,GH,20260126,iOS,2,0,259,2,2
ca-app-pub-7891478850122465/6565020438,ca-app-pub-7891478850122465~6704621236,IQ,20260126,iOS,8,0,0,0,8
ca-app-pub-7891478850122465/8171033829,ca-app-pub-7891478850122465~6704621236,IQ,20260126,iOS,1,0,0,0,1
ca-app-pub-7891478850122465/6565020438,ca-app-pub-7891478850122465~6704621236,SA,20260126,iOS,16,0,0,0,16
ca-app-pub-7891478850122465/8171033829,ca-app-pub-7891478850122465~6704621236,SA,20260126,iOS,1,0,142,1,1
ca-app-pub-7891478850122465/6565020438,ca-app-pub-7891478850122465~6704621236,US,20260126,iOS,177,4,404437,11,177
ca-app-pub-7891478850122465/8171033829,ca-app-pub-7891478850122465~6704621236,US,20260126,iOS,52,2,162230,46,52
ca-app-pub-7891478850122465/3611443638,ca-app-pub-7891478850122465~8181354433,AU,20260127,iOS,1,0,0,0,1
ca-app-pub-7891478850122465/6565020438,ca-app-pub-7891478850122465~6704621236,AU,20260127,iOS,77,0,112672,2,77
ca-app-pub-7891478850122465/8171033829,ca-app-pub-7891478850122465~6704621236,AU,20260127,iOS,25,0,59781,20,25
ca-app-pub-7891478850122465/6565020438,ca-app-pub-7891478850122465~6704621236,BR,20260127,iOS,12,0,0,0,12
ca-app-pub-7891478850122465/8171033829,ca-app-pub-7891478850122465~6704621236,BR,20260127,iOS,3,0,322,2,3
ca-app-pub-7891478850122465/6565020438,ca-app-pub-7891478850122465~6704621236,CD,20260127,iOS,36,0,0,0,36
ca-app-pub-7891478850122465/8171033829,ca-app-pub-7891478850122465~6704621236,CD,20260127,iOS,11,2,4406,9,11
ca-app-pub-7891478850122465/6565020438,ca-app-pub-7891478850122465~6704621236,CG,20260127,iOS,8,0,0,0,8
ca-app-pub-7891478850122465/8171033829,ca-app-pub-7891478850122465~6704621236,CG,20260127,iOS,1,0,0,0,1
ca-app-pub-7891478850122465/6565020438,ca-app-pub-7891478850122465~6704621236,ES,20260127,iOS,36,0,0,0,36
ca-app-pub-7891478850122465/6565020438,ca-app-pub-7891478850122465~6704621236,FR,20260127,iOS,18,0,30243,1,18
ca-app-pub-7891478850122465/8171033829,ca-app-pub-7891478850122465~6704621236,FR,20260127,iOS,4,0,2629,3,4
ca-app-pub-7891478850122465/6565020438,ca-app-pub-7891478850122465~6704621236,GB,20260127,iOS,103,0,49970,5,103
ca-app-pub-7891478850122465/8171033829,ca-app-pub-7891478850122465~6704621236,GB,20260127,iOS,20,0,9971,19,20
ca-app-pub-7891478850122465/8171033829,ca-app-pub-7891478850122465~6704621236,IL,20260127,iOS,9,0,4324,7,9
ca-app-pub-7891478850122465/8171033829,ca-app-pub-7891478850122465~6704621236,IQ,20260127,iOS,1,0,0,0,1
ca-app-pub-7891478850122465/8171033829,ca-app-pub-7891478850122465~6704621236,JP,20260127,iOS,1,0,692,1,1
ca-app-pub-7891478850122465/6565020438,ca-app-pub-7891478850122465~6704621236,MX,20260127,iOS,23,0,5728,1,23
ca-app-pub-7891478850122465/8171033829,ca-app-pub-7891478850122465~6704621236,MX,20260127,iOS,4,0,1021,4,4
ca-app-pub-7891478850122465/6565020438,ca-app-pub-7891478850122465~6704621236,SA,20260127,iOS,31,0,5457,2,31
ca-app-pub-7891478850122465/8171033829,ca-app-pub-7891478850122465~6704621236,SA,20260127,iOS,6,0,1670,6,6
ca-app-pub-7891478850122465/6565020438,ca-app-pub-7891478850122465~6704621236,SS,20260127,iOS,9,0,0,0,9
ca-app-pub-7891478850122465/3192641239,ca-app-pub-7891478850122465~6704621236,US,20260127,iOS,2,0,0,0,2
ca-app-pub-7891478850122465/6565020438,ca-app-pub-7891478850122465~6704621236,US,20260127,iOS,270,4,254031,6,270
ca-app-pub-7891478850122465/8171033829,ca-app-pub-7891478850122465~6704621236,US,20260127,iOS,66,5,175391,49,66
ca-app-pub-7891478850122465/6565020438,ca-app-pub-7891478850122465~6704621236,UY,20260127,iOS,8,0,0,0,8
ca-app-pub-7891478850122465/8171033829,ca-app-pub-7891478850122465~6704621236,UY,20260127,iOS,1,0,0,0,1
ca-app-pub-7891478850122465/6565020438,ca-app-pub-7891478850122465~6704621236,ZA,20260127,iOS,33,0,0,0,33
ca-app-pub-7891478850122465/8171033829,ca-app-pub-7891478850122465~6704621236,ZA,20260127,iOS,4,0,1589,4,4
ca-app-pub-7891478850122465/6565020438,ca-app-pub-7891478850122465~6704621236,AU,20260128,iOS,62,0,0,0,62
ca-app-pub-7891478850122465/8171033829,ca-app-pub-7891478850122465~6704621236,AU,20260128,iOS,12,0,4332,12,12
ca-app-pub-7891478850122465/6565020438,ca-app-pub-7891478850122465~6704621236,CA,20260128,iOS,140,1,36343,4,140
ca-app-pub-7891478850122465/8171033829,ca-app-pub-7891478850122465~6704621236,CA,20260128,iOS,17,1,15160,16,17
ca-app-pub-7891478850122465/6565020438,ca-app-pub-7891478850122465~6704621236,CG,20260128,iOS,27,0,0,0,27
ca-app-pub-7891478850122465/8171033829,ca-app-pub-7891478850122465~6704621236,CG,20260128,iOS,5,0,1172,5,5
ca-app-pub-7891478850122465/8171033829,ca-app-pub-7891478850122465~6704621236,CH,20260128,iOS,1,0,3981,1,1
ca-app-pub-7891478850122465/6565020438,ca-app-pub-7891478850122465~6704621236,CM,20260128,iOS,15,0,5631,1,15
ca-app-pub-7891478850122465/8171033829,ca-app-pub-7891478850122465~6704621236,CM,20260128,iOS,9,3,8011,9,9
ca-app-pub-7891478850122465/8171033829,ca-app-pub-7891478850122465~6704621236,CN,20260128,iOS,1,0,0,0,1
ca-app-pub-7891478850122465/6565020438,ca-app-pub-7891478850122465~6704621236,DE,20260128,iOS,18,0,0,0,18
ca-app-pub-7891478850122465/8171033829,ca-app-pub-7891478850122465~6704621236,DE,20260128,iOS,5,0,5441,5,5
ca-app-pub-7891478850122465/6565020438,ca-app-pub-7891478850122465~6704621236,EE,20260128,iOS,9,0,0,0,9
ca-app-pub-7891478850122465/8171033829,ca-app-pub-7891478850122465~6704621236,EE,20260128,iOS,1,0,258,1,1
ca-app-pub-7891478850122465/6565020438,ca-app-pub-7891478850122465~6704621236,FR,20260128,iOS,19,0,0,0,19
ca-app-pub-7891478850122465/8171033829,ca-app-pub-7891478850122465~6704621236,FR,20260128,iOS,2,0,0,0,2
ca-app-pub-7891478850122465/6565020438,ca-app-pub-7891478850122465~6704621236,GP,20260128,iOS,22,0,0,0,22
ca-app-pub-7891478850122465/8171033829,ca-app-pub-7891478850122465~6704621236,GP,20260128,iOS,4,0,372,2,4
ca-app-pub-7891478850122465/6565020438,ca-app-pub-7891478850122465~6704621236,KE,20260128,iOS,6,0,7192,1,6
ca-app-pub-7891478850122465/8171033829,ca-app-pub-7891478850122465~6704621236,KE,20260128,iOS,2,0,1161,2,2
ca-app-pub-7891478850122465/3611443638,ca-app-pub-7891478850122465~8181354433,TW,20260128,iOS,1,0,0,0,1
ca-app-pub-7891478850122465/6565020438,ca-app-pub-7891478850122465~6704621236,TZ,20260128,iOS,21,0,0,0,21
ca-app-pub-7891478850122465/8171033829,ca-app-pub-7891478850122465~6704621236,TZ,20260128,iOS,5,1,1480,5,5
ca-app-pub-7891478850122465/6565020438,ca-app-pub-7891478850122465~6704621236,UG,20260128,iOS,14,1,3463,1,14
ca-app-pub-7891478850122465/8171033829,ca-app-pub-7891478850122465~6704621236,UG,20260128,iOS,2,0,219,2,2
ca-app-pub-7891478850122465/5088176833,ca-app-pub-7891478850122465~8181354433,US,20260128,iOS,1,0,0,0,1
ca-app-pub-7891478850122465/6565020438,ca-app-pub-7891478850122465~6704621236,US,20260128,iOS,165,1,143553,6,165
ca-app-pub-7891478850122465/8171033829,ca-app-pub-7891478850122465~6704621236,US,20260128,iOS,35,3,103815,31,35
ca-app-pub-7891478850122465/6565020438,ca-app-pub-7891478850122465~6704621236,ZA,20260128,iOS,9,0,0,0,9
ca-app-pub-7891478850122465/8171033829,ca-app-pub-7891478850122465~6704621236,ZA,20260128,iOS,1,0,0,0,1
ca-app-pub-7891478850122465/6565020438,ca-app-pub-7891478850122465~6704621236,CG,20260129,iOS,16,0,0,0,16
ca-app-pub-7891478850122465/8171033829,ca-app-pub-7891478850122465~6704621236,CN,20260129,iOS,1,0,191,1,1
ca-app-pub-7891478850122465/6565020438,ca-app-pub-7891478850122465~6704621236,DE,20260129,iOS,12,0,0,0,12
ca-app-pub-7891478850122465/8171033829,ca-app-pub-7891478850122465~6704621236,DE,20260129,iOS,4,0,2208,4,4
ca-app-pub-7891478850122465/6565020438,ca-app-pub-7891478850122465~6704621236,GB,20260129,iOS,7,0,11585,2,7
ca-app-pub-7891478850122465/8171033829,ca-app-pub-7891478850122465~6704621236,GB,20260129,iOS,2,0,485,1,2
ca-app-pub-7891478850122465/3611443638,ca-app-pub-7891478850122465~8181354433,IL,20260129,iOS,1,0,0,0,1
ca-app-pub-7891478850122465/3611443638,ca-app-pub-7891478850122465~8181354433,JP,20260129,iOS,1,0,0,0,1
ca-app-pub-7891478850122465/6565020438,ca-app-pub-7891478850122465~6704621236,NG,20260129,iOS,42,0,12784,1,42
ca-app-pub-7891478850122465/8171033829,ca-app-pub-7891478850122465~6704621236,NG,20260129,iOS,7,0,3142,7,7
ca-app-pub-7891478850122465/6565020438,ca-app-pub-7891478850122465~6704621236,SA,20260129,iOS,22,0,11481,1,22
ca-app-pub-7891478850122465/8171033829,ca-app-pub-7891478850122465~6704621236,SA,20260129,iOS,7,0,7190,7,7
ca-app-pub-7891478850122465/3611443638,ca-app-pub-7891478850122465~8181354433,US,20260129,iOS,1,0,0,0,1
ca-app-pub-7891478850122465/6565020438,ca-app-pub-7891478850122465~6704621236,US,20260129,iOS,142,0,215670,5,142
ca-app-pub-7891478850122465/8171033829,ca-app-pub-7891478850122465~6704621236,US,20260129,iOS,35,1,98884,31,35
ca-app-pub-7891478850122465/6565020438,ca-app-pub-7891478850122465~6704621236,ZA,20260129,iOS,21,0,8526,1,21
ca-app-pub-7891478850122465/8171033829,ca-app-pub-7891478850122465~6704621236,ZA,20260129,iOS,9,0,3787,8,9
ca-app-pub-7891478850122465/6565020438,ca-app-pub-7891478850122465~6704621236,AE,20260130,iOS,11,0,12596,1,11
ca-app-pub-7891478850122465/8171033829,ca-app-pub-7891478850122465~6704621236,AE,20260130,iOS,1,1,773,1,1
ca-app-pub-7891478850122465/3471842833,ca-app-pub-7891478850122465~3894305235,AM,20260130,iOS,1,0,0,0,1
ca-app-pub-7891478850122465/6565020438,ca-app-pub-7891478850122465~6704621236,CA,20260130,iOS,20,0,0,0,20
ca-app-pub-7891478850122465/8171033829,ca-app-pub-7891478850122465~6704621236,CA,20260130,iOS,5,1,4289,5,5
ca-app-pub-7891478850122465/6565020438,ca-app-pub-7891478850122465~6704621236,CD,20260130,iOS,7,0,0,0,7
ca-app-pub-7891478850122465/8171033829,ca-app-pub-7891478850122465~6704621236,CD,20260130,iOS,1,0,0,0,1
ca-app-pub-7891478850122465/6565020438,ca-app-pub-7891478850122465~6704621236,CN,20260130,iOS,32,1,21657,1,32
ca-app-pub-7891478850122465/8171033829,ca-app-pub-7891478850122465~6704621236,CN,20260130,iOS,12,1,1567,11,12
ca-app-pub-7891478850122465/6565020438,ca-app-pub-7891478850122465~6704621236,DE,20260130,iOS,13,0,3566,1,13
ca-app-pub-7891478850122465/8171033829,ca-app-pub-7891478850122465~6704621236,DE,20260130,iOS,3,0,1527,3,3
ca-app-pub-7891478850122465/6565020438,ca-app-pub-7891478850122465~6704621236,ES,20260130,iOS,42,0,2466,1,42
ca-app-pub-7891478850122465/8171033829,ca-app-pub-7891478850122465~6704621236,ES,20260130,iOS,9,0,741,7,9
ca-app-pub-7891478850122465/6565020438,ca-app-pub-7891478850122465~6704621236,FR,20260130,iOS,52,0,2936,1,52
ca-app-pub-7891478850122465/8171033829,ca-app-pub-7891478850122465~6704621236,FR,20260130,iOS,9,0,1352,8,9
ca-app-pub-7891478850122465/6565020438,ca-app-pub-7891478850122465~6704621236,GB,20260130,iOS,22,0,8343,1,22
ca-app-pub-7891478850122465/8171033829,ca-app-pub-7891478850122465~6704621236,GB,20260130,iOS,7,0,4296,6,7
ca-app-pub-7891478850122465/6565020438,ca-app-pub-7891478850122465~6704621236,GE,20260130,iOS,7,0,0,0,7
ca-app-pub-7891478850122465/8171033829,ca-app-pub-7891478850122465~6704621236,GE,20260130,iOS,2,1,906,2,2
ca-app-pub-7891478850122465/6565020438,ca-app-pub-7891478850122465~6704621236,NG,20260130,iOS,53,0,14048,1,53
ca-app-pub-7891478850122465/8171033829,ca-app-pub-7891478850122465~6704621236,NG,20260130,iOS,7,0,2869,5,7
ca-app-pub-7891478850122465/6565020438,ca-app-pub-7891478850122465~6704621236,SA,20260130,iOS,20,0,0,0,20
ca-app-pub-7891478850122465/8171033829,ca-app-pub-7891478850122465~6704621236,SA,20260130,iOS,4,0,1023,4,4
ca-app-pub-7891478850122465/1995109638,ca-app-pub-7891478850122465~3894305235,US,20260130,iOS,1,0,0,0,1
ca-app-pub-7891478850122465/6565020438,ca-app-pub-7891478850122465~6704621236,US,20260130,iOS,202,0,65691,3,202
ca-app-pub-7891478850122465/8171033829,ca-app-pub-7891478850122465~6704621236,US,20260130,iOS,31,1,62844,31,31
ca-app-pub-7891478850122465/1715908034,ca-app-pub-7891478850122465~6704621236,AU,20260131,iOS,1,0,0,0,1
ca-app-pub-7891478850122465/6565020438,ca-app-pub-7891478850122465~6704621236,AU,20260131,iOS,33,0,13857,1,33
ca-app-pub-7891478850122465/8171033829,ca-app-pub-7891478850122465~6704621236,AU,20260131,iOS,5,0,2877,5,5
ca-app-pub-7891478850122465/6565020438,ca-app-pub-7891478850122465~6704621236,BR,20260131,iOS,67,0,4069,1,67
ca-app-pub-7891478850122465/8171033829,ca-app-pub-7891478850122465~6704621236,BR,20260131,iOS,11,0,1574,11,11
ca-app-pub-7891478850122465/6565020438,ca-app-pub-7891478850122465~6704621236,CA,20260131,iOS,64,0,0,0,64
ca-app-pub-7891478850122465/8171033829,ca-app-pub-7891478850122465~6704621236,CA,20260131,iOS,12,0,5407,12,12
ca-app-pub-7891478850122465/6565020438,ca-app-pub-7891478850122465~6704621236,CG,20260131,iOS,71,0,9687,2,71
ca-app-pub-7891478850122465/8171033829,ca-app-pub-7891478850122465~6704621236,CG,20260131,iOS,11,0,2511,10,11
ca-app-pub-7891478850122465/6565020438,ca-app-pub-7891478850122465~6704621236,CH,20260131,iOS,8,1,17352,1,8
ca-app-pub-7891478850122465/8171033829,ca-app-pub-7891478850122465~6704621236,CH,20260131,iOS,1,0,272,1,1
ca-app-pub-7891478850122465/6565020438,ca-app-pub-7891478850122465~6704621236,CN,20260131,iOS,36,0,44697,2,24
ca-app-pub-7891478850122465/8171033829,ca-app-pub-7891478850122465~6704621236,CN,20260131,iOS,10,0,1249,10,10
ca-app-pub-7891478850122465/6565020438,ca-app-pub-7891478850122465~6704621236,GA,20260131,iOS,10,0,0,0,10
ca-app-pub-7891478850122465/8171033829,ca-app-pub-7891478850122465~6704621236,GA,20260131,iOS,4,0,951,4,4
ca-app-pub-7891478850122465/6565020438,ca-app-pub-7891478850122465~6704621236,IN,20260131,iOS,6,0,0,0,6
ca-app-pub-7891478850122465/8171033829,ca-app-pub-7891478850122465~6704621236,IN,20260131,iOS,7,0,486,6,7
ca-app-pub-7891478850122465/6565020438,ca-app-pub-7891478850122465~6704621236,IT,20260131,iOS,7,0,0,0,7
ca-app-pub-7891478850122465/8171033829,ca-app-pub-7891478850122465~6704621236,IT,20260131,iOS,1,0,227,1,1
ca-app-pub-7891478850122465/6565020438,ca-app-pub-7891478850122465~6704621236,NG,20260131,iOS,89,0,14207,1,89
ca-app-pub-7891478850122465/8171033829,ca-app-pub-7891478850122465~6704621236,NG,20260131,iOS,15,2,4836,10,15
ca-app-pub-7891478850122465/6565020438,ca-app-pub-7891478850122465~6704621236,NL,20260131,iOS,27,1,11599,1,27
ca-app-pub-7891478850122465/8171033829,ca-app-pub-7891478850122465~6704621236,NL,20260131,iOS,14,0,4474,13,14
ca-app-pub-7891478850122465/8171033829,ca-app-pub-7891478850122465~6704621236,RO,20260131,iOS,1,0,284,1,1
ca-app-pub-7891478850122465/6565020438,ca-app-pub-7891478850122465~6704621236,SA,20260131,iOS,32,1,2764,2,32
ca-app-pub-7891478850122465/8171033829,ca-app-pub-7891478850122465~6704621236,SA,20260131,iOS,5,0,799,5,5
ca-app-pub-7891478850122465/6565020438,ca-app-pub-7891478850122465~6704621236,SG,20260131,iOS,6,0,0,0,6
ca-app-pub-7891478850122465/8171033829,ca-app-pub-7891478850122465~6704621236,SG,20260131,iOS,3,0,1616,3,3
ca-app-pub-7891478850122465/1995109638,ca-app-pub-7891478850122465~3894305235,US,20260131,iOS,1,0,0,0,1
ca-app-pub-7891478850122465/6565020438,ca-app-pub-7891478850122465~6704621236,US,20260131,iOS,175,0,17044,1,175
ca-app-pub-7891478850122465/8171033829,ca-app-pub-7891478850122465~6704621236,US,20260131,iOS,27,0,34203,22,27
ca-app-pub-7891478850122465/6565020438,ca-app-pub-7891478850122465~6704621236,ZA,20260131,iOS,40,0,9016,1,40
ca-app-pub-7891478850122465/8171033829,ca-app-pub-7891478850122465~6704621236,ZA,20260131,iOS,13,0,3371,12,13
ca-app-pub-7891478850122465/6565020438,ca-app-pub-7891478850122465~6704621236,AD,20260201,iOS,200,0,6350,4,200
ca-app-pub-7891478850122465/8171033829,ca-app-pub-7891478850122465~6704621236,AD,20260201,iOS,24,0,0,0,0
ca-app-pub-7891478850122465/6565020438,ca-app-pub-7891478850122465~6704621236,AU,20260201,iOS,24,0,0,0,24
ca-app-pub-7891478850122465/8171033829,ca-app-pub-7891478850122465~6704621236,AU,20260201,iOS,3,0,1647,2,3
ca-app-pub-7891478850122465/3611443638,ca-app-pub-7891478850122465~8181354433,GB,20260201,iOS,1,0,0,0,1
ca-app-pub-7891478850122465/6565020438,ca-app-pub-7891478850122465~6704621236,GB,20260201,iOS,30,0,16165,2,30
ca-app-pub-7891478850122465/8171033829,ca-app-pub-7891478850122465~6704621236,GB,20260201,iOS,12,1,9314,12,12
ca-app-pub-7891478850122465/3611443638,ca-app-pub-7891478850122465~8181354433,IL,20260201,iOS,1,0,0,0,1
ca-app-pub-7891478850122465/6565020438,ca-app-pub-7891478850122465~6704621236,IN,20260201,iOS,20,0,0,0,20
ca-app-pub-7891478850122465/8171033829,ca-app-pub-7891478850122465~6704621236,IN,20260201,iOS,3,0,122,3,3
ca-app-pub-7891478850122465/8171033829,ca-app-pub-7891478850122465~6704621236,IT,20260201,iOS,1,0,531,1,1
ca-app-pub-7891478850122465/6565020438,ca-app-pub-7891478850122465~6704621236,JP,20260201,iOS,11,0,0,0,11
ca-app-pub-7891478850122465/8171033829,ca-app-pub-7891478850122465~6704621236,JP,20260201,iOS,4,0,2057,4,4
ca-app-pub-7891478850122465/6565020438,ca-app-pub-7891478850122465~6704621236,MX,20260201,iOS,19,0,0,0,19
ca-app-pub-7891478850122465/8171033829,ca-app-pub-7891478850122465~6704621236,MX,20260201,iOS,5,0,325,5,5
ca-app-pub-7891478850122465/6565020438,ca-app-pub-7891478850122465~6704621236,NG,20260201,iOS,67,0,21567,4,67
ca-app-pub-7891478850122465/8171033829,ca-app-pub-7891478850122465~6704621236,NG,20260201,iOS,10,1,2955,10,10
ca-app-pub-7891478850122465/6565020438,ca-app-pub-7891478850122465~6704621236,NL,20260201,iOS,14,0,0,0,14
ca-app-pub-7891478850122465/8171033829,ca-app-pub-7891478850122465~6704621236,NL,20260201,iOS,3,0,2854,3,3
ca-app-pub-7891478850122465/6565020438,ca-app-pub-7891478850122465~6704621236,NO,20260201,iOS,61,0,0,0,61
ca-app-pub-7891478850122465/8171033829,ca-app-pub-7891478850122465~6704621236,NO,20260201,iOS,6,0,4800,6,6
ca-app-pub-7891478850122465/8171033829,ca-app-pub-7891478850122465~6704621236,NZ,20260201,iOS,1,0,0,0,1
ca-app-pub-7891478850122465/6565020438,ca-app-pub-7891478850122465~6704621236,PH,20260201,iOS,12,0,0,0,12
ca-app-pub-7891478850122465/8171033829,ca-app-pub-7891478850122465~6704621236,PH,20260201,iOS,1,0,28,1,1
ca-app-pub-7891478850122465/6565020438,ca-app-pub-7891478850122465~6704621236,SA,20260201,iOS,29,0,1725,1,29
ca-app-pub-7891478850122465/8171033829,ca-app-pub-7891478850122465~6704621236,SA,20260201,iOS,5,0,756,5,5
ca-app-pub-7891478850122465/6565020438,ca-app-pub-7891478850122465~6704621236,US,20260201,iOS,465,0,227485,12,465
ca-app-pub-7891478850122465/8171033829,ca-app-pub-7891478850122465~6704621236,US,20260201,iOS,83,1,91265,71,83
ca-app-pub-7891478850122465/6565020438,ca-app-pub-7891478850122465~6704621236,VE,20260201,iOS,12,0,696,1,12
ca-app-pub-7891478850122465/8171033829,ca-app-pub-7891478850122465~6704621236,VE,20260201,iOS,3,0,112,2,3
ca-app-pub-7891478850122465/3611443638,ca-app-pub-7891478850122465~8181354433,AU,20260202,iOS,2,0,0,0,2
ca-app-pub-7891478850122465/6565020438,ca-app-pub-7891478850122465~6704621236,AU,20260202,iOS,5,0,0,0,5
ca-app-pub-7891478850122465/8171033829,ca-app-pub-7891478850122465~6704621236,AU,20260202,iOS,6,0,6119,6,6
ca-app-pub-7891478850122465/6565020438,ca-app-pub-7891478850122465~6704621236,BR,20260202,iOS,31,3,11088,2,31
ca-app-pub-7891478850122465/8171033829,ca-app-pub-7891478850122465~6704621236,BR,20260202,iOS,6,0,4048,5,6
ca-app-pub-7891478850122465/6565020438,ca-app-pub-7891478850122465~6704621236,CD,20260202,iOS,36,0,2379,1,36
ca-app-pub-7891478850122465/8171033829,ca-app-pub-7891478850122465~6704621236,CD,20260202,iOS,11,0,3829,9,11
ca-app-pub-7891478850122465/6565020438,ca-app-pub-7891478850122465~6704621236,FR,20260202,iOS,13,0,0,0,13
ca-app-pub-7891478850122465/8171033829,ca-app-pub-7891478850122465~6704621236,FR,20260202,iOS,1,0,998,1,1
ca-app-pub-7891478850122465/6565020438,ca-app-pub-7891478850122465~6704621236,GB,20260202,iOS,25,0,0,0,25
ca-app-pub-7891478850122465/8171033829,ca-app-pub-7891478850122465~6704621236,GB,20260202,iOS,2,0,481,1,2
ca-app-pub-7891478850122465/6565020438,ca-app-pub-7891478850122465~6704621236,IE,20260202,iOS,28,0,0,0,28
ca-app-pub-7891478850122465/8171033829,ca-app-pub-7891478850122465~6704621236,IE,20260202,iOS,3,0,1076,3,3
ca-app-pub-7891478850122465/6565020438,ca-app-pub-7891478850122465~6704621236,IN,20260202,iOS,24,0,0,0,24
ca-app-pub-7891478850122465/8171033829,ca-app-pub-7891478850122465~6704621236,IN,20260202,iOS,19,0,314,7,7
ca-app-pub-7891478850122465/3471842833,ca-app-pub-7891478850122465~3894305235,IQ,20260202,iOS,2,0,0,0,2
ca-app-pub-7891478850122465/8171033829,ca-app-pub-7891478850122465~6704621236,JP,20260202,iOS,1,0,513,1,1
ca-app-pub-7891478850122465/6565020438,ca-app-pub-7891478850122465~6704621236,NG,20260202,iOS,124,2,79824,5,124
ca-app-pub-7891478850122465/8171033829,ca-app-pub-7891478850122465~6704621236,NG,20260202,iOS,27,1,9035,23,27
ca-app-pub-7891478850122465/3611443638,ca-app-pub-7891478850122465~8181354433,NZ,20260202,iOS,12,0,0,0,0
ca-app-pub-7891478850122465/6565020438,ca-app-pub-7891478850122465~6704621236,SA,20260202,iOS,13,0,0,0,13
ca-app-pub-7891478850122465/8171033829,ca-app-pub-7891478850122465~6704621236,SA,20260202,iOS,1,0,216,1,1
ca-app-pub-7891478850122465/6565020438,ca-app-pub-7891478850122465~6704621236,US,20260202,iOS,243,3,286049,8,243
ca-app-pub-7891478850122465/8171033829,ca-app-pub-7891478850122465~6704621236,US,20260202,iOS,35,3,101389,33,35
ca-app-pub-7891478850122465/6565020438,ca-app-pub-7891478850122465~6704621236,ZA,20260202,iOS,11,0,0,0,11
ca-app-pub-7891478850122465/8171033829,ca-app-pub-7891478850122465~6704621236,ZA,20260202,iOS,3,0,178,3,3
ca-app-pub-7891478850122465/3611443638,ca-app-pub-7891478850122465~8181354433,AU,20260203,iOS,1,0,0,0,1
ca-app-pub-7891478850122465/5088176833,ca-app-pub-7891478850122465~8181354433,AU,20260203,iOS,1,0,0,0,1
ca-app-pub-7891478850122465/6565020438,ca-app-pub-7891478850122465~6704621236,AU,20260203,iOS,5,0,0,0,5
ca-app-pub-7891478850122465/8171033829,ca-app-pub-7891478850122465~6704621236,AU,20260203,iOS,1,0,1247,1,1
ca-app-pub-7891478850122465/3611443638,ca-app-pub-7891478850122465~8181354433,CA,20260203,iOS,12,0,0,0,0
ca-app-pub-7891478850122465/6565020438,ca-app-pub-7891478850122465~6704621236,CA,20260203,iOS,10,0,0,0,10
ca-app-pub-7891478850122465/8171033829,ca-app-pub-7891478850122465~6704621236,CA,20260203,iOS,2,0,1199,2,2
ca-app-pub-7891478850122465/6565020438,ca-app-pub-7891478850122465~6704621236,CD,20260203,iOS,5,0,0,0,5
ca-app-pub-7891478850122465/8171033829,ca-app-pub-7891478850122465~6704621236,CD,20260203,iOS,1,0,534,1,1
ca-app-pub-7891478850122465/6565020438,ca-app-pub-7891478850122465~6704621236,FR,20260203,iOS,66,0,1235,1,66
ca-app-pub-7891478850122465/8171033829,ca-app-pub-7891478850122465~6704621236,FR,20260203,iOS,6,0,1763,5,6
ca-app-pub-7891478850122465/6565020438,ca-app-pub-7891478850122465~6704621236,GH,20260203,iOS,20,0,8232,1,20
ca-app-pub-7891478850122465/8171033829,ca-app-pub-7891478850122465~6704621236,GH,20260203,iOS,2,0,671,2,2
ca-app-pub-7891478850122465/6565020438,ca-app-pub-7891478850122465~6704621236,IE,20260203,iOS,17,0,0,0,17
ca-app-pub-7891478850122465/8171033829,ca-app-pub-7891478850122465~6704621236,IE,20260203,iOS,2,0,623,2,2
ca-app-pub-7891478850122465/6565020438,ca-app-pub-7891478850122465~6704621236,IN,20260203,iOS,8,2,768,1,8
ca-app-pub-7891478850122465/8171033829,ca-app-pub-7891478850122465~6704621236,IN,20260203,iOS,1,0,36,1,1
ca-app-pub-7891478850122465/6565020438,ca-app-pub-7891478850122465~6704621236,IT,20260203,iOS,9,0,0,0,9
ca-app-pub-7891478850122465/8171033829,ca-app-pub-7891478850122465~6704621236,IT,20260203,iOS,1,0,652,1,1
ca-app-pub-7891478850122465/6565020438,ca-app-pub-7891478850122465~6704621236,NG,20260203,iOS,45,0,25727,4,45
ca-app-pub-7891478850122465/8171033829,ca-app-pub-7891478850122465~6704621236,NG,20260203,iOS,13,1,5208,13,13
ca-app-pub-7891478850122465/6565020438,ca-app-pub-7891478850122465~6704621236,SN,20260203,iOS,102,0,9032,4,102
ca-app-pub-7891478850122465/8171033829,ca-app-pub-7891478850122465~6704621236,SN,20260203,iOS,24,2,6151,23,24
ca-app-pub-7891478850122465/6565020438,ca-app-pub-7891478850122465~6704621236,TZ,20260203,iOS,4,0,0,0,4
ca-app-pub-7891478850122465/8171033829,ca-app-pub-7891478850122465~6704621236,TZ,20260203,iOS,1,0,0,0,1
ca-app-pub-7891478850122465/6565020438,ca-app-pub-7891478850122465~6704621236,US,20260203,iOS,235,0,191797,7,235
ca-app-pub-7891478850122465/8171033829,ca-app-pub-7891478850122465~6704621236,US,20260203,iOS,61,1,130804,59,61
ca-app-pub-7891478850122465/3611443638,ca-app-pub-7891478850122465~8181354433,ZA,20260203,iOS,1,0,0,0,1
ca-app-pub-7891478850122465/6565020438,ca-app-pub-7891478850122465~6704621236,AE,20260204,iOS,10,0,29144,1,10
ca-app-pub-7891478850122465/8171033829,ca-app-pub-7891478850122465~6704621236,AE,20260204,iOS,2,0,2312,2,2
ca-app-pub-7891478850122465/3611443638,ca-app-pub-7891478850122465~8181354433,AU,20260204,iOS,2,0,0,0,2
ca-app-pub-7891478850122465/6565020438,ca-app-pub-7891478850122465~6704621236,BF,20260204,iOS,92,0,1904,1,92
ca-app-pub-7891478850122465/8171033829,ca-app-pub-7891478850122465~6704621236,BF,20260204,iOS,1,1,253,1,1
ca-app-pub-7891478850122465/6565020438,ca-app-pub-7891478850122465~6704621236,CL,20260204,iOS,43,0,0,0,43
ca-app-pub-7891478850122465/8171033829,ca-app-pub-7891478850122465~6704621236,CL,20260204,iOS,7,1,1208,7,7
ca-app-pub-7891478850122465/6565020438,ca-app-pub-7891478850122465~6704621236,FR,20260204,iOS,6,0,0,0,6
ca-app-pub-7891478850122465/8171033829,ca-app-pub-7891478850122465~6704621236,FR,20260204,iOS,4,0,2076,3,4
ca-app-pub-7891478850122465/6565020438,ca-app-pub-7891478850122465~6704621236,GB,20260204,iOS,44,0,22310,1,44
ca-app-pub-7891478850122465/8171033829,ca-app-pub-7891478850122465~6704621236,GB,20260204,iOS,10,0,7116,10,10
ca-app-pub-7891478850122465/6565020438,ca-app-pub-7891478850122465~6704621236,GH,20260204,iOS,6,0,0,0,6
ca-app-pub-7891478850122465/8171033829,ca-app-pub-7891478850122465~6704621236,GH,20260204,iOS,1,0,592,1,1
ca-app-pub-7891478850122465/3611443638,ca-app-pub-7891478850122465~8181354433,IL,20260204,iOS,1,0,0,0,1
ca-app-pub-7891478850122465/6565020438,ca-app-pub-7891478850122465~6704621236,IT,20260204,iOS,49,0,5656,1,49
ca-app-pub-7891478850122465/8171033829,ca-app-pub-7891478850122465~6704621236,IT,20260204,iOS,16,2,11110,15,16
ca-app-pub-7891478850122465/6565020438,ca-app-pub-7891478850122465~6704621236,JO,20260204,iOS,7,0,0,0,7
ca-app-pub-7891478850122465/8171033829,ca-app-pub-7891478850122465~6704621236,JO,20260204,iOS,1,0,0,0,1
ca-app-pub-7891478850122465/6565020438,ca-app-pub-7891478850122465~6704621236,NG,20260204,iOS,73,0,19363,2,73
ca-app-pub-7891478850122465/8171033829,ca-app-pub-7891478850122465~6704621236,NG,20260204,iOS,15,0,9962,12,15
ca-app-pub-7891478850122465/6565020438,ca-app-pub-7891478850122465~6704621236,PH,20260204,iOS,8,0,0,0,8
ca-app-pub-7891478850122465/8171033829,ca-app-pub-7891478850122465~6704621236,PH,20260204,iOS,1,0,0,0,1
ca-app-pub-7891478850122465/8171033829,ca-app-pub-7891478850122465~6704621236,SE,20260204,iOS,4,0,861,4,4
ca-app-pub-7891478850122465/6565020438,ca-app-pub-7891478850122465~6704621236,TD,20260204,iOS,13,0,0,0,13
ca-app-pub-7891478850122465/8171033829,ca-app-pub-7891478850122465~6704621236,TD,20260204,iOS,3,1,1147,3,3
ca-app-pub-7891478850122465/6565020438,ca-app-pub-7891478850122465~6704621236,US,20260204,iOS,116,1,226505,6,116
ca-app-pub-7891478850122465/8171033829,ca-app-pub-7891478850122465~6704621236,US,20260204,iOS,26,2,90454,22,26
ca-app-pub-7891478850122465/6565020438,ca-app-pub-7891478850122465~6704621236,AU,20260205,iOS,7,0,0,0,7
ca-app-pub-7891478850122465/8171033829,ca-app-pub-7891478850122465~6704621236,AU,20260205,iOS,1,0,578,1,1
ca-app-pub-7891478850122465/6565020438,ca-app-pub-7891478850122465~6704621236,DE,20260205,iOS,55,1,14653,2,55
ca-app-pub-7891478850122465/8171033829,ca-app-pub-7891478850122465~6704621236,DE,20260205,iOS,14,1,47533,11,14
ca-app-pub-7891478850122465/8171033829,ca-app-pub-7891478850122465~6704621236,FR,20260205,iOS,1,0,463,1,1
ca-app-pub-7891478850122465/5088176833,ca-app-pub-7891478850122465~8181354433,GB,20260205,iOS,1,0,0,0,1
ca-app-pub-7891478850122465/6565020438,ca-app-pub-7891478850122465~6704621236,GB,20260205,iOS,33,0,0,0,33
ca-app-pub-7891478850122465/8171033829,ca-app-pub-7891478850122465~6704621236,GB,20260205,iOS,9,1,2652,8,9
ca-app-pub-7891478850122465/6565020438,ca-app-pub-7891478850122465~6704621236,GH,20260205,iOS,13,0,0,0,13
ca-app-pub-7891478850122465/8171033829,ca-app-pub-7891478850122465~6704621236,GH,20260205,iOS,6,1,1072,4,6
ca-app-pub-7891478850122465/8171033829,ca-app-pub-7891478850122465~6704621236,HK,20260205,iOS,2,0,822,2,2
ca-app-pub-7891478850122465/6565020438,ca-app-pub-7891478850122465~6704621236,IE,20260205,iOS,10,0,14855,1,10
ca-app-pub-7891478850122465/8171033829,ca-app-pub-7891478850122465~6704621236,IE,20260205,iOS,4,1,2651,4,4
ca-app-pub-7891478850122465/6565020438,ca-app-pub-7891478850122465~6704621236,IL,20260205,iOS,26,0,15084,1,26
ca-app-pub-7891478850122465/8171033829,ca-app-pub-7891478850122465~6704621236,IL,20260205,iOS,4,0,955,4,4
ca-app-pub-7891478850122465/6565020438,ca-app-pub-7891478850122465~6704621236,IN,20260205,iOS,12,0,0,0,12
ca-app-pub-7891478850122465/8171033829,ca-app-pub-7891478850122465~6704621236,IN,20260205,iOS,3,0,328,3,3
ca-app-pub-7891478850122465/6565020438,ca-app-pub-7891478850122465~6704621236,NG,20260205,iOS,83,0,21639,4,83
ca-app-pub-7891478850122465/8171033829,ca-app-pub-7891478850122465~6704621236,NG,20260205,iOS,20,1,6219,18,20
ca-app-pub-7891478850122465/6565020438,ca-app-pub-7891478850122465~6704621236,PE,20260205,iOS,13,0,0,0,13
ca-app-pub-7891478850122465/8171033829,ca-app-pub-7891478850122465~6704621236,PE,20260205,iOS,1,0,34,1,1
ca-app-pub-7891478850122465/6565020438,ca-app-pub-7891478850122465~6704621236,US,20260205,iOS,234,5,403731,11,234
ca-app-pub-7891478850122465/8171033829,ca-app-pub-7891478850122465~6704621236,US,20260205,iOS,57,4,142119,55,57
ca-app-pub-7891478850122465/6565020438,ca-app-pub-7891478850122465~6704621236,ZA,20260205,iOS,51,0,0,0,51
ca-app-pub-7891478850122465/8171033829,ca-app-pub-7891478850122465~6704621236,ZA,20260205,iOS,7,2,2795,5,7
ca-app-pub-7891478850122465/6565020438,ca-app-pub-7891478850122465~6704621236,AE,20260206,iOS,59,0,0,0,59
ca-app-pub-7891478850122465/8171033829,ca-app-pub-7891478850122465~6704621236,AE,20260206,iOS,6,0,1995,5,6
ca-app-pub-7891478850122465/8171033829,ca-app-pub-7891478850122465~6704621236,AU,20260206,iOS,2,0,1621,2,2
ca-app-pub-7891478850122465/6565020438,ca-app-pub-7891478850122465~6704621236,BS,20260206,iOS,13,0,0,0,13
ca-app-pub-7891478850122465/8171033829,ca-app-pub-7891478850122465~6704621236,BS,20260206,iOS,2,0,735,1,2
ca-app-pub-7891478850122465/6565020438,ca-app-pub-7891478850122465~6704621236,DE,20260206,iOS,25,2,12061,2,25
ca-app-pub-7891478850122465/8171033829,ca-app-pub-7891478850122465~6704621236,DE,20260206,iOS,3,0,516,2,3
ca-app-pub-7891478850122465/5088176833,ca-app-pub-7891478850122465~8181354433,GB,20260206,iOS,12,0,0,0,0
ca-app-pub-7891478850122465/6565020438,ca-app-pub-7891478850122465~6704621236,GB,20260206,iOS,11,0,0,0,11
ca-app-pub-7891478850122465/8171033829,ca-app-pub-7891478850122465~6704621236,GB,20260206,iOS,4,0,4673,4,4
ca-app-pub-7891478850122465/3611443638,ca-app-pub-7891478850122465~8181354433,IS,20260206,iOS,1,0,0,0,1
ca-app-pub-7891478850122465/6565020438,ca-app-pub-7891478850122465~6704621236,KR,20260206,iOS,9,0,0,0,9
ca-app-pub-7891478850122465/8171033829,ca-app-pub-7891478850122465~6704621236,KR,20260206,iOS,1,0,281,1,1
ca-app-pub-7891478850122465/6565020438,ca-app-pub-7891478850122465~6704621236,MX,20260206,iOS,23,0,2732,1,23
ca-app-pub-7891478850122465/8171033829,ca-app-pub-7891478850122465~6704621236,MX,20260206,iOS,3,1,498,3,3
ca-app-pub-7891478850122465/3611443638,ca-app-pub-7891478850122465~8181354433,PH,20260206,iOS,12,0,0,0,0
ca-app-pub-7891478850122465/6565020438,ca-app-pub-7891478850122465~6704621236,SA,20260206,iOS,17,0,0,0,17
ca-app-pub-7891478850122465/8171033829,ca-app-pub-7891478850122465~6704621236,SA,20260206,iOS,3,0,1560,3,3
ca-app-pub-7891478850122465/6565020438,ca-app-pub-7891478850122465~6704621236,TG,20260206,iOS,7,0,2547,1,7
ca-app-pub-7891478850122465/8171033829,ca-app-pub-7891478850122465~6704621236,TG,20260206,iOS,3,1,3689,3,3
ca-app-pub-7891478850122465/8171033829,ca-app-pub-7891478850122465~6704621236,TR,20260206,iOS,1,0,179,1,1
ca-app-pub-7891478850122465/6565020438,ca-app-pub-7891478850122465~6704621236,TZ,20260206,iOS,4,0,0,0,4
ca-app-pub-7891478850122465/8171033829,ca-app-pub-7891478850122465~6704621236,TZ,20260206,iOS,1,0,146,1,1
ca-app-pub-7891478850122465/6565020438,ca-app-pub-7891478850122465~6704621236,US,20260206,iOS,165,1,88850,2,165
ca-app-pub-7891478850122465/8171033829,ca-app-pub-7891478850122465~6704621236,US,20260206,iOS,39,2,115917,34,39
ca-app-pub-7891478850122465/6565020438,ca-app-pub-7891478850122465~6704621236,AO,20260207,iOS,7,0,2320,1,7
ca-app-pub-7891478850122465/8171033829,ca-app-pub-7891478850122465~6704621236,AO,20260207,iOS,3,0,880,3,3
ca-app-pub-7891478850122465/6565020438,ca-app-pub-7891478850122465~6704621236,AT,20260207,iOS,11,0,0,0,11
ca-app-pub-7891478850122465/8171033829,ca-app-pub-7891478850122465~6704621236,AT,20260207,iOS,2,0,2060,2,2
ca-app-pub-7891478850122465/6565020438,ca-app-pub-7891478850122465~6704621236,CA,20260207,iOS,11,0,25548,1,11
ca-app-pub-7891478850122465/8171033829,ca-app-pub-7891478850122465~6704621236,CA,20260207,iOS,2,0,2471,2,2
ca-app-pub-7891478850122465/6565020438,ca-app-pub-7891478850122465~6704621236,CH,20260207,iOS,8,0,0,0,8
ca-app-pub-7891478850122465/8171033829,ca-app-pub-7891478850122465~6704621236,CH,20260207,iOS,1,0,587,1,1
ca-app-pub-7891478850122465/6565020438,ca-app-pub-7891478850122465~6704621236,CM,20260207,iOS,42,0,0,0,42
ca-app-pub-7891478850122465/8171033829,ca-app-pub-7891478850122465~6704621236,CM,20260207,iOS,1,0,65,1,1
ca-app-pub-7891478850122465/6565020438,ca-app-pub-7891478850122465~6704621236,EG,20260207,iOS,6,0,4088,1,6
ca-app-pub-7891478850122465/8171033829,ca-app-pub-7891478850122465~6704621236,EG,20260207,iOS,2,0,68,1,2
ca-app-pub-7891478850122465/6565020438,ca-app-pub-7891478850122465~6704621236,ES,20260207,iOS,5,0,0,0,5
ca-app-pub-7891478850122465/8171033829,ca-app-pub-7891478850122465~6704621236,ES,20260207,iOS,5,2,2221,5,5
ca-app-pub-7891478850122465/8171033829,ca-app-pub-7891478850122465~6704621236,HK,20260207,iOS,1,0,419,1,1
ca-app-pub-7891478850122465/8171033829,ca-app-pub-7891478850122465~6704621236,IN,20260207,iOS,5,0,239,5,5
ca-app-pub-7891478850122465/6565020438,ca-app-pub-7891478850122465~6704621236,IQ,20260207,iOS,25,0,0,0,25
ca-app-pub-7891478850122465/8171033829,ca-app-pub-7891478850122465~6704621236,IQ,20260207,iOS,6,0,858,5,6
ca-app-pub-7891478850122465/6565020438,ca-app-pub-7891478850122465~6704621236,IT,20260207,iOS,7,0,0,0,7
ca-app-pub-7891478850122465/8171033829,ca-app-pub-7891478850122465~6704621236,IT,20260207,iOS,1,0,604,1,1
ca-app-pub-7891478850122465/6565020438,ca-app-pub-7891478850122465~6704621236,MX,20260207,iOS,18,0,0,0,18
ca-app-pub-7891478850122465/8171033829,ca-app-pub-7891478850122465~6704621236,MX,20260207,iOS,8,0,805,6,8
ca-app-pub-7891478850122465/6565020438,ca-app-pub-7891478850122465~6704621236,NG,20260207,iOS,12,0,12640,2,12
ca-app-pub-7891478850122465/8171033829,ca-app-pub-7891478850122465~6704621236,NG,20260207,iOS,3,1,2671,3,3
ca-app-pub-7891478850122465/6565020438,ca-app-pub-7891478850122465~6704621236,NZ,20260207,iOS,28,4,110920,3,28
ca-app-pub-7891478850122465/8171033829,ca-app-pub-7891478850122465~6704621236,NZ,20260207,iOS,6,0,6836,6,6
ca-app-pub-7891478850122465/6565020438,ca-app-pub-7891478850122465~6704621236,SA,20260207,iOS,23,0,8544,1,23
ca-app-pub-7891478850122465/8171033829,ca-app-pub-7891478850122465~6704621236,SA,20260207,iOS,2,0,1000,1,2
ca-app-pub-7891478850122465/8171033829,ca-app-pub-7891478850122465~6704621236,TR,20260207,iOS,1,0,0,0,1
ca-app-pub-7891478850122465/8171033829,ca-app-pub-7891478850122465~6704621236,UG,20260207,iOS,1,0,0,0,1
ca-app-pub-7891478850122465/6565020438,ca-app-pub-7891478850122465~6704621236,US,20260207,iOS,418,6,631987,9,418
ca-app-pub-7891478850122465/8171033829,ca-app-pub-7891478850122465~6704621236,US,20260207,iOS,85,2,307386,72,85
ca-app-pub-7891478850122465/6565020438,ca-app-pub-7891478850122465~6704621236,VN,20260207,iOS,14,0,0,0,14
ca-app-pub-7891478850122465/8171033829,ca-app-pub-7891478850122465~6704621236,VN,20260207,iOS,2,0,89,1,2
ca-app-pub-7891478850122465/3611443638,ca-app-pub-7891478850122465~8181354433,AU,20260208,iOS,2,0,0,0,2
ca-app-pub-7891478850122465/6565020438,ca-app-pub-7891478850122465~6704621236,BE,20260208,iOS,20,0,5593,1,20
ca-app-pub-7891478850122465/8171033829,ca-app-pub-7891478850122465~6704621236,BE,20260208,iOS,3,0,1168,3,3
ca-app-pub-7891478850122465/6565020438,ca-app-pub-7891478850122465~6704621236,CH,20260208,iOS,25,0,0,0,25
ca-app-pub-7891478850122465/8171033829,ca-app-pub-7891478850122465~6704621236,CH,20260208,iOS,2,0,127,1,2
ca-app-pub-7891478850122465/6565020438,ca-app-pub-7891478850122465~6704621236,ES,20260208,iOS,58,0,0,0,58
ca-app-pub-7891478850122465/8171033829,ca-app-pub-7891478850122465~6704621236,ES,20260208,iOS,7,1,1503,5,7
ca-app-pub-7891478850122465/6565020438,ca-app-pub-7891478850122465~6704621236,FR,20260208,iOS,29,0,0,0,29
ca-app-pub-7891478850122465/8171033829,ca-app-pub-7891478850122465~6704621236,FR,20260208,iOS,4,0,964,4,4
ca-app-pub-7891478850122465/6565020438,ca-app-pub-7891478850122465~6704621236,GB,20260208,iOS,8,0,0,0,8
ca-app-pub-7891478850122465/8171033829,ca-app-pub-7891478850122465~6704621236,GB,20260208,iOS,2,0,1648,1,2
ca-app-pub-7891478850122465/6565020438,ca-app-pub-7891478850122465~6704621236,HN,20260208,iOS,49,0,13040,1,49
ca-app-pub-7891478850122465/8171033829,ca-app-pub-7891478850122465~6704621236,HN,20260208,iOS,11,2,10849,11,11
ca-app-pub-7891478850122465/6565020438,ca-app-pub-7891478850122465~6704621236,IR,20260208,iOS,14,0,0,0,14
ca-app-pub-7891478850122465/8171033829,ca-app-pub-7891478850122465~6704621236,IR,20260208,iOS,3,1,955,3,3
ca-app-pub-7891478850122465/6565020438,ca-app-pub-7891478850122465~6704621236,IT,20260208,iOS,15,0,0,0,15
ca-app-pub-7891478850122465/8171033829,ca-app-pub-7891478850122465~6704621236,IT,20260208,iOS,2,0,396,2,2
ca-app-pub-7891478850122465/6565020438,ca-app-pub-7891478850122465~6704621236,NG,20260208,iOS,42,0,5592,1,42
ca-app-pub-7891478850122465/8171033829,ca-app-pub-7891478850122465~6704621236,NG,20260208,iOS,8,0,1067,7,8
ca-app-pub-7891478850122465/6565020438,ca-app-pub-7891478850122465~6704621236,NO,20260208,iOS,6,0,0,0,6
ca-app-pub-7891478850122465/8171033829,ca-app-pub-7891478850122465~6704621236,NO,20260208,iOS,1,0,257,1,1
ca-app-pub-7891478850122465/6565020438,ca-app-pub-7891478850122465~6704621236,NZ,20260208,iOS,115,0,21472,1,115
ca-app-pub-7891478850122465/8171033829,ca-app-pub-7891478850122465~6704621236,NZ,20260208,iOS,17,0,2397,9,17
ca-app-pub-7891478850122465/6565020438,ca-app-pub-7891478850122465~6704621236,TG,20260208,iOS,17,0,0,0,17
ca-app-pub-7891478850122465/8171033829,ca-app-pub-7891478850122465~6704621236,TG,20260208,iOS,10,0,1616,5,10
ca-app-pub-7891478850122465/6565020438,ca-app-pub-7891478850122465~6704621236,TR,20260208,iOS,34,0,0,0,34
ca-app-pub-7891478850122465/8171033829,ca-app-pub-7891478850122465~6704621236,TR,20260208,iOS,6,0,0,0,6
ca-app-pub-7891478850122465/6565020438,ca-app-pub-7891478850122465~6704621236,TT,20260208,iOS,20,0,0,0,20
ca-app-pub-7891478850122465/8171033829,ca-app-pub-7891478850122465~6704621236,TT,20260208,iOS,6,0,294,6,6
ca-app-pub-7891478850122465/3611443638,ca-app-pub-7891478850122465~8181354433,US,20260208,iOS,1,0,0,0,1
ca-app-pub-7891478850122465/6565020438,ca-app-pub-7891478850122465~6704621236,US,20260208,iOS,252,1,539260,8,252
ca-app-pub-7891478850122465/8171033829,ca-app-pub-7891478850122465~6704621236,US,20260208,iOS,61,0,209570,59,61
ca-app-pub-7891478850122465/6565020438,ca-app-pub-7891478850122465~6704621236,ZA,20260208,iOS,65,0,26653,2,65
ca-app-pub-7891478850122465/8171033829,ca-app-pub-7891478850122465~6704621236,ZA,20260208,iOS,8,0,2152,6,8
ca-app-pub-7891478850122465/3611443638,ca-app-pub-7891478850122465~8181354433,AU,20260209,iOS,1,0,0,0,1
ca-app-pub-7891478850122465/6565020438,ca-app-pub-7891478850122465~6704621236,BR,20260209,iOS,44,0,0,0,44
ca-app-pub-7891478850122465/8171033829,ca-app-pub-7891478850122465~6704621236,BR,20260209,iOS,13,0,5639,12,13
ca-app-pub-7891478850122465/6565020438,ca-app-pub-7891478850122465~6704621236,CA,20260209,iOS,28,0,0,0,28
ca-app-pub-7891478850122465/8171033829,ca-app-pub-7891478850122465~6704621236,CA,20260209,iOS,8,0,27013,8,8
ca-app-pub-7891478850122465/6565020438,ca-app-pub-7891478850122465~6704621236,CG,20260209,iOS,23,0,2815,1,23
ca-app-pub-7891478850122465/8171033829,ca-app-pub-7891478850122465~6704621236,CG,20260209,iOS,2,0,386,1,2
ca-app-pub-7891478850122465/8171033829,ca-app-pub-7891478850122465~6704621236,CN,20260209,iOS,3,0,1164,1,3
ca-app-pub-7891478850122465/6565020438,ca-app-pub-7891478850122465~6704621236,ES,20260209,iOS,96,3,83849,9,96
ca-app-pub-7891478850122465/8171033829,ca-app-pub-7891478850122465~6704621236,ES,20260209,iOS,29,1,17485,28,29
ca-app-pub-7891478850122465/6565020438,ca-app-pub-7891478850122465~6704621236,ET,20260209,iOS,23,0,0,0,23
ca-app-pub-7891478850122465/8171033829,ca-app-pub-7891478850122465~6704621236,ET,20260209,iOS,3,0,1364,2,3
ca-app-pub-7891478850122465/6565020438,ca-app-pub-7891478850122465~6704621236,GH,20260209,iOS,57,0,0,0,57
ca-app-pub-7891478850122465/8171033829,ca-app-pub-7891478850122465~6704621236,GH,20260209,iOS,4,2,550,2,4
ca-app-pub-7891478850122465/6565020438,ca-app-pub-7891478850122465~6704621236,IN,20260209,iOS,32,0,0,0,32
ca-app-pub-7891478850122465/8171033829,ca-app-pub-7891478850122465~6704621236,IN,20260209,iOS,7,1,642,7,7
ca-app-pub-7891478850122465/6565020438,ca-app-pub-7891478850122465~6704621236,IT,20260209,iOS,20,1,12427,1,20
ca-app-pub-7891478850122465/8171033829,ca-app-pub-7891478850122465~6704621236,IT,20260209,iOS,8,0,2003,3,8
ca-app-pub-7891478850122465/6565020438,ca-app-pub-7891478850122465~6704621236,PK,20260209,iOS,4,0,4239,1,4
ca-app-pub-7891478850122465/8171033829,ca-app-pub-7891478850122465~6704621236,PK,20260209,iOS,4,2,2914,4,4
ca-app-pub-7891478850122465/6565020438,ca-app-pub-7891478850122465~6704621236,PL,20260209,iOS,5,0,3899,1,5
ca-app-pub-7891478850122465/8171033829,ca-app-pub-7891478850122465~6704621236,PL,20260209,iOS,2,0,566,2,2
ca-app-pub-7891478850122465/6565020438,ca-app-pub-7891478850122465~6704621236,US,20260209,iOS,961,1,201728,4,961
ca-app-pub-7891478850122465/8171033829,ca-app-pub-7891478850122465~6704621236,US,20260209,iOS,132,3,184017,89,132
ca-app-pub-7891478850122465/6565020438,ca-app-pub-7891478850122465~6704621236,AG,20260210,iOS,5,0,0,0,5
ca-app-pub-7891478850122465/8171033829,ca-app-pub-7891478850122465~6704621236,AG,20260210,iOS,1,0,943,1,1
ca-app-pub-7891478850122465/6565020438,ca-app-pub-7891478850122465~6704621236,AO,20260210,iOS,15,0,0,0,15
ca-app-pub-7891478850122465/8171033829,ca-app-pub-7891478850122465~6704621236,AO,20260210,iOS,2,0,285,1,2
ca-app-pub-7891478850122465/6565020438,ca-app-pub-7891478850122465~6704621236,CG,20260210,iOS,29,0,0,0,29
ca-app-pub-7891478850122465/8171033829,ca-app-pub-7891478850122465~6704621236,CG,20260210,iOS,7,0,3563,5,7
ca-app-pub-7891478850122465/6565020438,ca-app-pub-7891478850122465~6704621236,DE,20260210,iOS,18,0,10221,1,18
ca-app-pub-7891478850122465/8171033829,ca-app-pub-7891478850122465~6704621236,DE,20260210,iOS,4,0,4531,4,4
ca-app-pub-7891478850122465/6565020438,ca-app-pub-7891478850122465~6704621236,EE,20260210,iOS,22,0,0,0,22
ca-app-pub-7891478850122465/8171033829,ca-app-pub-7891478850122465~6704621236,EE,20260210,iOS,5,0,2751,5,5
ca-app-pub-7891478850122465/5088176833,ca-app-pub-7891478850122465~8181354433,ES,20260210,iOS,1,0,0,0,1
ca-app-pub-7891478850122465/6565020438,ca-app-pub-7891478850122465~6704621236,ES,20260210,iOS,4,0,0,0,4
ca-app-pub-7891478850122465/8171033829,ca-app-pub-7891478850122465~6704621236,ES,20260210,iOS,1,0,312,1,1
ca-app-pub-7891478850122465/6565020438,ca-app-pub-7891478850122465~6704621236,FR,20260210,iOS,9,0,0,0,9
ca-app-pub-7891478850122465/8171033829,ca-app-pub-7891478850122465~6704621236,FR,20260210,iOS,1,0,0,0,1
ca-app-pub-7891478850122465/6565020438,ca-app-pub-7891478850122465~6704621236,GB,20260210,iOS,20,0,0,0,20
ca-app-pub-7891478850122465/8171033829,ca-app-pub-7891478850122465~6704621236,GB,20260210,iOS,3,0,1566,1,3
ca-app-pub-7891478850122465/6565020438,ca-app-pub-7891478850122465~6704621236,IQ,20260210,iOS,2,0,0,0,2
ca-app-pub-7891478850122465/8171033829,ca-app-pub-7891478850122465~6704621236,IQ,20260210,iOS,1,0,247,1,1
ca-app-pub-7891478850122465/6565020438,ca-app-pub-7891478850122465~6704621236,IT,20260210,iOS,15,0,13093,1,15
ca-app-pub-7891478850122465/8171033829,ca-app-pub-7891478850122465~6704621236,IT,20260210,iOS,3,0,3447,3,3
ca-app-pub-7891478850122465/6565020438,ca-app-pub-7891478850122465~6704621236,NG,20260210,iOS,26,0,0,0,26
ca-app-pub-7891478850122465/8171033829,ca-app-pub-7891478850122465~6704621236,NG,20260210,iOS,3,0,911,2,3
ca-app-pub-7891478850122465/3611443638,ca-app-pub-7891478850122465~8181354433,QA,20260210,iOS,1,0,0,0,1
ca-app-pub-7891478850122465/6565020438,ca-app-pub-7891478850122465~6704621236,SA,20260210,iOS,9,0,0,0,9
ca-app-pub-7891478850122465/8171033829,ca-app-pub-7891478850122465~6704621236,SA,20260210,iOS,1,0,170,1,1
ca-app-pub-7891478850122465/6565020438,ca-app-pub-7891478850122465~6704621236,SB,20260210,iOS,8,1,10314,1,8
ca-app-pub-7891478850122465/8171033829,ca-app-pub-7891478850122465~6704621236,SB,20260210,iOS,2,0,1845,2,2
ca-app-pub-7891478850122465/6565020438,ca-app-pub-7891478850122465~6704621236,TW,20260210,iOS,14,0,0,0,14
ca-app-pub-7891478850122465/8171033829,ca-app-pub-7891478850122465~6704621236,TW,20260210,iOS,3,0,1775,3,3
ca-app-pub-7891478850122465/3611443638,ca-app-pub-7891478850122465~8181354433,US,20260210,iOS,5,0,1207,2,5
ca-app-pub-7891478850122465/6565020438,ca-app-pub-7891478850122465~6704621236,US,20260210,iOS,205,3,366563,6,205
ca-app-pub-7891478850122465/8171033829,ca-app-pub-7891478850122465~6704621236,US,20260210,iOS,67,3,331845,63,67
ca-app-pub-7891478850122465/6565020438,ca-app-pub-7891478850122465~6704621236,BR,20260211,iOS,4,0,0,0,4
ca-app-pub-7891478850122465/8171033829,ca-app-pub-7891478850122465~6704621236,BR,20260211,iOS,1,0,358,1,1
ca-app-pub-7891478850122465/5088176833,ca-app-pub-7891478850122465~8181354433,CA,20260211,iOS,1,0,0,0,1
ca-app-pub-7891478850122465/6565020438,ca-app-pub-7891478850122465~6704621236,DE,20260211,iOS,49,0,219,1,49
ca-app-pub-7891478850122465/8171033829,ca-app-pub-7891478850122465~6704621236,DE,20260211,iOS,26,2,9662,18,26
ca-app-pub-7891478850122465/6565020438,ca-app-pub-7891478850122465~6704621236,DZ,20260211,iOS,21,0,0,0,21
ca-app-pub-7891478850122465/8171033829,ca-app-pub-7891478850122465~6704621236,DZ,20260211,iOS,8,0,2524,7,8
ca-app-pub-7891478850122465/6565020438,ca-app-pub-7891478850122465~6704621236,ES,20260211,iOS,14,0,10194,1,14
ca-app-pub-7891478850122465/8171033829,ca-app-pub-7891478850122465~6704621236,ES,20260211,iOS,3,0,1123,3,3
ca-app-pub-7891478850122465/6565020438,ca-app-pub-7891478850122465~6704621236,IN,20260211,iOS,87,0,16769,4,87
ca-app-pub-7891478850122465/8171033829,ca-app-pub-7891478850122465~6704621236,IN,20260211,iOS,11,0,3896,9,11
ca-app-pub-7891478850122465/6565020438,ca-app-pub-7891478850122465~6704621236,IQ,20260211,iOS,15,0,0,0,15
ca-app-pub-7891478850122465/8171033829,ca-app-pub-7891478850122465~6704621236,IQ,20260211,iOS,2,0,263,2,2
ca-app-pub-7891478850122465/6565020438,ca-app-pub-7891478850122465~6704621236,PR,20260211,iOS,15,0,16880,1,15
ca-app-pub-7891478850122465/8171033829,ca-app-pub-7891478850122465~6704621236,PR,20260211,iOS,2,0,2032,2,2
ca-app-pub-7891478850122465/6565020438,ca-app-pub-7891478850122465~6704621236,RO,20260211,iOS,8,0,6596,1,8
ca-app-pub-7891478850122465/8171033829,ca-app-pub-7891478850122465~6704621236,RO,20260211,iOS,7,0,2491,7,7
ca-app-pub-7891478850122465/3471842833,ca-app-pub-7891478850122465~3894305235,SL,20260211,iOS,1,0,0,0,1
ca-app-pub-7891478850122465/5088176833,ca-app-pub-7891478850122465~8181354433,US,20260211,iOS,1,0,0,0,1
ca-app-pub-7891478850122465/6565020438,ca-app-pub-7891478850122465~6704621236,US,20260211,iOS,115,0,176464,4,115
ca-app-pub-7891478850122465/8171033829,ca-app-pub-7891478850122465~6704621236,US,20260211,iOS,24,0,121512,24,24
ca-app-pub-7891478850122465/6565020438,ca-app-pub-7891478850122465~6704621236,AE,20260212,iOS,44,0,108871,5,44
ca-app-pub-7891478850122465/8171033829,ca-app-pub-7891478850122465~6704621236,AE,20260212,iOS,16,1,33611,14,16
ca-app-pub-7891478850122465/6565020438,ca-app-pub-7891478850122465~6704621236,BR,20260212,iOS,41,1,16904,2,41
ca-app-pub-7891478850122465/8171033829,ca-app-pub-7891478850122465~6704621236,BR,20260212,iOS,12,1,8447,12,12
ca-app-pub-7891478850122465/6565020438,ca-app-pub-7891478850122465~6704621236,CH,20260212,iOS,12,0,0,0,12
ca-app-pub-7891478850122465/8171033829,ca-app-pub-7891478850122465~6704621236,CH,20260212,iOS,6,3,246169,6,6
ca-app-pub-7891478850122465/8171033829,ca-app-pub-7891478850122465~6704621236,FJ,20260212,iOS,13,0,260,1,1
ca-app-pub-7891478850122465/6565020438,ca-app-pub-7891478850122465~6704621236,GH,20260212,iOS,22,0,5440,1,22
ca-app-pub-7891478850122465/8171033829,ca-app-pub-7891478850122465~6704621236,GH,20260212,iOS,3,0,1912,3,3
ca-app-pub-7891478850122465/6565020438,ca-app-pub-7891478850122465~6704621236,IN,20260212,iOS,19,0,0,0,19
ca-app-pub-7891478850122465/8171033829,ca-app-pub-7891478850122465~6704621236,IN,20260212,iOS,4,0,1163,3,4
ca-app-pub-7891478850122465/6565020438,ca-app-pub-7891478850122465~6704621236,IT,20260212,iOS,3,0,0,0,3
ca-app-pub-7891478850122465/8171033829,ca-app-pub-7891478850122465~6704621236,IT,20260212,iOS,1,0,142,1,1
ca-app-pub-7891478850122465/6565020438,ca-app-pub-7891478850122465~6704621236,MA,20260212,iOS,30,0,0,0,30
ca-app-pub-7891478850122465/8171033829,ca-app-pub-7891478850122465~6704621236,MA,20260212,iOS,4,1,2071,4,4
ca-app-pub-7891478850122465/6565020438,ca-app-pub-7891478850122465~6704621236,PL,20260212,iOS,8,0,0,0,8
ca-app-pub-7891478850122465/8171033829,ca-app-pub-7891478850122465~6704621236,PL,20260212,iOS,3,0,2615,3,3
ca-app-pub-7891478850122465/8171033829,ca-app-pub-7891478850122465~6704621236,PR,20260212,iOS,1,0,784,1,1
ca-app-pub-7891478850122465/6565020438,ca-app-pub-7891478850122465~6704621236,SA,20260212,iOS,59,0,0,0,59
ca-app-pub-7891478850122465/8171033829,ca-app-pub-7891478850122465~6704621236,SA,20260212,iOS,5,0,1587,4,5
ca-app-pub-7891478850122465/6565020438,ca-app-pub-7891478850122465~6704621236,US,20260212,iOS,124,1,239681,4,124
ca-app-pub-7891478850122465/8171033829,ca-app-pub-7891478850122465~6704621236,US,20260212,iOS,37,1,82619,31,37
ca-app-pub-7891478850122465/6565020438,ca-app-pub-7891478850122465~6704621236,ZW,20260212,iOS,6,0,0,0,6
ca-app-pub-7891478850122465/8171033829,ca-app-pub-7891478850122465~6704621236,ZW,20260212,iOS,3,1,877,3,3
ca-app-pub-7891478850122465/6565020438,ca-app-pub-7891478850122465~6704621236,AO,20260213,iOS,21,0,0,0,21
ca-app-pub-7891478850122465/8171033829,ca-app-pub-7891478850122465~6704621236,AO,20260213,iOS,3,0,384,2,3
ca-app-pub-7891478850122465/6565020438,ca-app-pub-7891478850122465~6704621236,CA,20260213,iOS,13,1,18831,1,13
ca-app-pub-7891478850122465/8171033829,ca-app-pub-7891478850122465~6704621236,CA,20260213,iOS,3,0,1151,1,3
ca-app-pub-7891478850122465/6565020438,ca-app-pub-7891478850122465~6704621236,DE,20260213,iOS,28,0,6375,1,28
ca-app-pub-7891478850122465/8171033829,ca-app-pub-7891478850122465~6704621236,DE,20260213,iOS,5,0,4663,5,5
ca-app-pub-7891478850122465/6565020438,ca-app-pub-7891478850122465~6704621236,IQ,20260213,iOS,61,1,2250,2,61
ca-app-pub-7891478850122465/8171033829,ca-app-pub-7891478850122465~6704621236,IQ,20260213,iOS,12,0,1885,12,12
ca-app-pub-7891478850122465/6565020438,ca-app-pub-7891478850122465~6704621236,IT,20260213,iOS,8,0,0,0,8
ca-app-pub-7891478850122465/8171033829,ca-app-pub-7891478850122465~6704621236,IT,20260213,iOS,2,0,916,2,2
ca-app-pub-7891478850122465/6565020438,ca-app-pub-7891478850122465~6704621236,MA,20260213,iOS,62,0,24202,4,62
ca-app-pub-7891478850122465/8171033829,ca-app-pub-7891478850122465~6704621236,MA,20260213,iOS,17,2,20991,17,17
ca-app-pub-7891478850122465/1995109638,ca-app-pub-7891478850122465~3894305235,NG,20260213,iOS,1,0,0,0,1
ca-app-pub-7891478850122465/8171033829,ca-app-pub-7891478850122465~6704621236,PA,20260213,iOS,2,0,826,2,2
ca-app-pub-7891478850122465/6565020438,ca-app-pub-7891478850122465~6704621236,PH,20260213,iOS,9,0,0,0,9
ca-app-pub-7891478850122465/8171033829,ca-app-pub-7891478850122465~6704621236,PH,20260213,iOS,1,0,463,1,1
ca-app-pub-7891478850122465/6565020438,ca-app-pub-7891478850122465~6704621236,PK,20260213,iOS,22,0,0,0,22
ca-app-pub-7891478850122465/8171033829,ca-app-pub-7891478850122465~6704621236,PK,20260213,iOS,6,1,1235,6,6
ca-app-pub-7891478850122465/3471842833,ca-app-pub-7891478850122465~3894305235,SL,20260213,iOS,5,0,0,0,5
ca-app-pub-7891478850122465/6565020438,ca-app-pub-7891478850122465~6704621236,TD,20260213,iOS,19,0,24584,3,19
ca-app-pub-7891478850122465/8171033829,ca-app-pub-7891478850122465~6704621236,TD,20260213,iOS,5,0,6619,5,5
ca-app-pub-7891478850122465/6565020438,ca-app-pub-7891478850122465~6704621236,TZ,20260213,iOS,57,0,0,0,57
ca-app-pub-7891478850122465/8171033829,ca-app-pub-7891478850122465~6704621236,TZ,20260213,iOS,6,1,1595,6,6
ca-app-pub-7891478850122465/6565020438,ca-app-pub-7891478850122465~6704621236,UG,20260213,iOS,39,0,0,0,39
ca-app-pub-7891478850122465/8171033829,ca-app-pub-7891478850122465~6704621236,UG,20260213,iOS,10,0,4189,7,10
ca-app-pub-7891478850122465/6565020438,ca-app-pub-7891478850122465~6704621236,US,20260213,iOS,283,1,141650,3,283
ca-app-pub-7891478850122465/8171033829,ca-app-pub-7891478850122465~6704621236,US,20260213,iOS,68,1,256890,64,68
ca-app-pub-7891478850122465/5088176833,ca-app-pub-7891478850122465~8181354433,UY,20260213,iOS,1,0,0,0,1
ca-app-pub-7891478850122465/6565020438,ca-app-pub-7891478850122465~6704621236,ZA,20260213,iOS,8,0,24135,1,8
ca-app-pub-7891478850122465/8171033829,ca-app-pub-7891478850122465~6704621236,ZA,20260213,iOS,1,0,439,1,1
ca-app-pub-7891478850122465/5088176833,ca-app-pub-7891478850122465~8181354433,AE,20260214,iOS,1,0,0,0,1
ca-app-pub-7891478850122465/6565020438,ca-app-pub-7891478850122465~6704621236,AO,20260214,iOS,41,0,16079,3,41
ca-app-pub-7891478850122465/8171033829,ca-app-pub-7891478850122465~6704621236,AO,20260214,iOS,8,0,3137,6,8
ca-app-pub-7891478850122465/6565020438,ca-app-pub-7891478850122465~6704621236,CI,20260214,iOS,21,0,2107,1,21
ca-app-pub-7891478850122465/8171033829,ca-app-pub-7891478850122465~6704621236,CI,20260214,iOS,3,0,900,2,3
ca-app-pub-7891478850122465/6565020438,ca-app-pub-7891478850122465~6704621236,DE,20260214,iOS,14,0,21736,1,14
ca-app-pub-7891478850122465/8171033829,ca-app-pub-7891478850122465~6704621236,DE,20260214,iOS,2,0,3725,2,2
ca-app-pub-7891478850122465/8171033829,ca-app-pub-7891478850122465~6704621236,FR,20260214,iOS,1,0,0,0,1
ca-app-pub-7891478850122465/6565020438,ca-app-pub-7891478850122465~6704621236,HK,20260214,iOS,23,0,48232,1,23
ca-app-pub-7891478850122465/8171033829,ca-app-pub-7891478850122465~6704621236,HK,20260214,iOS,7,1,12244,7,7
ca-app-pub-7891478850122465/6565020438,ca-app-pub-7891478850122465~6704621236,IN,20260214,iOS,4,0,0,0,4
ca-app-pub-7891478850122465/8171033829,ca-app-pub-7891478850122465~6704621236,IN,20260214,iOS,1,0,0,0,1
ca-app-pub-7891478850122465/6565020438,ca-app-pub-7891478850122465~6704621236,IQ,20260214,iOS,5,0,0,0,5
ca-app-pub-7891478850122465/8171033829,ca-app-pub-7891478850122465~6704621236,IQ,20260214,iOS,3,0,521,3,3
ca-app-pub-7891478850122465/6565020438,ca-app-pub-7891478850122465~6704621236,IT,20260214,iOS,17,0,7567,1,17
ca-app-pub-7891478850122465/8171033829,ca-app-pub-7891478850122465~6704621236,IT,20260214,iOS,3,0,1329,3,3
ca-app-pub-7891478850122465/6565020438,ca-app-pub-7891478850122465~6704621236,MX,20260214,iOS,19,0,0,0,19
ca-app-pub-7891478850122465/8171033829,ca-app-pub-7891478850122465~6704621236,MX,20260214,iOS,6,0,6847,6,6
ca-app-pub-7891478850122465/6565020438,ca-app-pub-7891478850122465~6704621236,NG,20260214,iOS,46,0,0,0,46
ca-app-pub-7891478850122465/8171033829,ca-app-pub-7891478850122465~6704621236,NG,20260214,iOS,6,1,7659,6,6
ca-app-pub-7891478850122465/6565020438,ca-app-pub-7891478850122465~6704621236,SA,20260214,iOS,8,0,0,0,8
ca-app-pub-7891478850122465/8171033829,ca-app-pub-7891478850122465~6704621236,SA,20260214,iOS,2,0,882,1,2
ca-app-pub-7891478850122465/6565020438,ca-app-pub-7891478850122465~6704621236,TZ,20260214,iOS,14,0,0,0,14
ca-app-pub-7891478850122465/8171033829,ca-app-pub-7891478850122465~6704621236,TZ,20260214,iOS,1,0,455,1,1
ca-app-pub-7891478850122465/8171033829,ca-app-pub-7891478850122465~6704621236,UG,20260214,iOS,1,0,0,0,1
ca-app-pub-7891478850122465/5088176833,ca-app-pub-7891478850122465~8181354433,US,20260214,iOS,1,0,0,0,1
ca-app-pub-7891478850122465/6565020438,ca-app-pub-7891478850122465~6704621236,US,20260214,iOS,444,3,306091,4,444
ca-app-pub-7891478850122465/8171033829,ca-app-pub-7891478850122465~6704621236,US,20260214,iOS,98,2,307719,62,98
ca-app-pub-7891478850122465/6565020438,ca-app-pub-7891478850122465~6704621236,ZM,20260214,iOS,8,0,0,0,8
ca-app-pub-7891478850122465/8171033829,ca-app-pub-7891478850122465~6704621236,ZM,20260214,iOS,12,0,0,0,0
ca-app-pub-7891478850122465/6565020438,ca-app-pub-7891478850122465~6704621236,AO,20260215,iOS,5,0,0,0,5
ca-app-pub-7891478850122465/8171033829,ca-app-pub-7891478850122465~6704621236,AO,20260215,iOS,1,1,688,1,1
ca-app-pub-7891478850122465/8171033829,ca-app-pub-7891478850122465~6704621236,AU,20260215,iOS,1,0,0,0,1
ca-app-pub-7891478850122465/6565020438,ca-app-pub-7891478850122465~6704621236,BJ,20260215,iOS,1,0,2696,1,1
ca-app-pub-7891478850122465/8171033829,ca-app-pub-7891478850122465~6704621236,BJ,20260215,iOS,1,0,248,1,1
ca-app-pub-7891478850122465/6565020438,ca-app-pub-7891478850122465~6704621236,BS,20260215,iOS,23,1,10914,1,23
ca-app-pub-7891478850122465/8171033829,ca-app-pub-7891478850122465~6704621236,BS,20260215,iOS,4,0,3735,4,4
ca-app-pub-7891478850122465/6565020438,ca-app-pub-7891478850122465~6704621236,CA,20260215,iOS,37,0,0,0,37
ca-app-pub-7891478850122465/8171033829,ca-app-pub-7891478850122465~6704621236,CA,20260215,iOS,4,0,5271,3,4
ca-app-pub-7891478850122465/8171033829,ca-app-pub-7891478850122465~6704621236,CN,20260215,iOS,2,0,175,2,2
ca-app-pub-7891478850122465/8171033829,ca-app-pub-7891478850122465~6704621236,DE,20260215,iOS,2,0,2769,2,2
ca-app-pub-7891478850122465/8171033829,ca-app-pub-7891478850122465~6704621236,ES,20260215,iOS,1,0,645,1,1
ca-app-pub-7891478850122465/6565020438,ca-app-pub-7891478850122465~6704621236,GB,20260215,iOS,19,0,24885,1,19
ca-app-pub-7891478850122465/8171033829,ca-app-pub-7891478850122465~6704621236,GB,20260215,iOS,5,0,5535,5,5
ca-app-pub-7891478850122465/6565020438,ca-app-pub-7891478850122465~6704621236,GH,20260215,iOS,20,0,9196,3,20
ca-app-pub-7891478850122465/8171033829,ca-app-pub-7891478850122465~6704621236,GH,20260215,iOS,5,0,2258,5,5
ca-app-pub-7891478850122465/6565020438,ca-app-pub-7891478850122465~6704621236,IE,20260215,iOS,10,0,0,0,10
ca-app-pub-7891478850122465/8171033829,ca-app-pub-7891478850122465~6704621236,IE,20260215,iOS,7,0,5171,7,7
ca-app-pub-7891478850122465/6565020438,ca-app-pub-7891478850122465~6704621236,IN,20260215,iOS,19,0,2252,1,19
ca-app-pub-7891478850122465/8171033829,ca-app-pub-7891478850122465~6704621236,IN,20260215,iOS,8,0,1830,8,8
ca-app-pub-7891478850122465/6565020438,ca-app-pub-7891478850122465~6704621236,IT,20260215,iOS,1,0,0,0,1
ca-app-pub-7891478850122465/8171033829,ca-app-pub-7891478850122465~6704621236,IT,20260215,iOS,1,0,0,0,1
ca-app-pub-7891478850122465/6565020438,ca-app-pub-7891478850122465~6704621236,MX,20260215,iOS,1,0,0,0,1
ca-app-pub-7891478850122465/8171033829,ca-app-pub-7891478850122465~6704621236,MX,20260215,iOS,2,0,2054,1,2
ca-app-pub-7891478850122465/6565020438,ca-app-pub-7891478850122465~6704621236,NE,20260215,iOS,42,0,2807,1,42
ca-app-pub-7891478850122465/8171033829,ca-app-pub-7891478850122465~6704621236,NE,20260215,iOS,8,0,2334,6,8
ca-app-pub-7891478850122465/6565020438,ca-app-pub-7891478850122465~6704621236,PL,20260215,iOS,4,0,0,0,4
ca-app-pub-7891478850122465/8171033829,ca-app-pub-7891478850122465~6704621236,PL,20260215,iOS,1,0,237,1,1
ca-app-pub-7891478850122465/6565020438,ca-app-pub-7891478850122465~6704621236,PT,20260215,iOS,140,0,0,0,140
ca-app-pub-7891478850122465/8171033829,ca-app-pub-7891478850122465~6704621236,PT,20260215,iOS,71,0,17120,51,59
ca-app-pub-7891478850122465/6565020438,ca-app-pub-7891478850122465~6704621236,RO,20260215,iOS,25,0,0,0,25
ca-app-pub-7891478850122465/8171033829,ca-app-pub-7891478850122465~6704621236,RO,20260215,iOS,4,0,1100,2,4
ca-app-pub-7891478850122465/6565020438,ca-app-pub-7891478850122465~6704621236,SA,20260215,iOS,12,0,8863,1,12
ca-app-pub-7891478850122465/8171033829,ca-app-pub-7891478850122465~6704621236,SA,20260215,iOS,2,0,4998,2,2
ca-app-pub-7891478850122465/8171033829,ca-app-pub-7891478850122465~6704621236,UG,20260215,iOS,1,0,0,0,1
ca-app-pub-7891478850122465/3192641239,ca-app-pub-7891478850122465~6704621236,US,20260215,iOS,1,0,0,0,1
ca-app-pub-7891478850122465/3611443638,ca-app-pub-7891478850122465~8181354433,US,20260215,iOS,1,0,0,0,1
ca-app-pub-7891478850122465/6565020438,ca-app-pub-7891478850122465~6704621236,US,20260215,iOS,383,1,239370,5,383
ca-app-pub-7891478850122465/8171033829,ca-app-pub-7891478850122465~6704621236,US,20260215,iOS,75,2,327625,45,75
ca-app-pub-7891478850122465/6565020438,ca-app-pub-7891478850122465~6704621236,ZA,20260215,iOS,8,0,0,0,8
ca-app-pub-7891478850122465/8171033829,ca-app-pub-7891478850122465~6704621236,ZA,20260215,iOS,1,0,0,0,1
ca-app-pub-7891478850122465/6565020438,ca-app-pub-7891478850122465~6704621236,AE,20260216,iOS,11,0,9432,1,11
ca-app-pub-7891478850122465/8171033829,ca-app-pub-7891478850122465~6704621236,AE,20260216,iOS,3,0,3124,3,3
ca-app-pub-7891478850122465/6565020438,ca-app-pub-7891478850122465~6704621236,AT,20260216,iOS,13,0,0,0,13
ca-app-pub-7891478850122465/8171033829,ca-app-pub-7891478850122465~6704621236,AT,20260216,iOS,3,0,1175,2,3
ca-app-pub-7891478850122465/6565020438,ca-app-pub-7891478850122465~6704621236,AU,20260216,iOS,122,0,70203,2,122
ca-app-pub-7891478850122465/8171033829,ca-app-pub-7891478850122465~6704621236,AU,20260216,iOS,24,2,28790,15,24
ca-app-pub-7891478850122465/6565020438,ca-app-pub-7891478850122465~6704621236,BR,20260216,iOS,2,0,0,0,2
ca-app-pub-7891478850122465/8171033829,ca-app-pub-7891478850122465~6704621236,BR,20260216,iOS,1,0,1063,1,1
ca-app-pub-7891478850122465/6565020438,ca-app-pub-7891478850122465~6704621236,CA,20260216,iOS,13,0,0,0,13
ca-app-pub-7891478850122465/8171033829,ca-app-pub-7891478850122465~6704621236,CA,20260216,iOS,11,1,10608,4,11
ca-app-pub-7891478850122465/6565020438,ca-app-pub-7891478850122465~6704621236,CN,20260216,iOS,1,0,0,0,1
ca-app-pub-7891478850122465/6565020438,ca-app-pub-7891478850122465~6704621236,ES,20260216,iOS,3,0,0,0,3
ca-app-pub-7891478850122465/8171033829,ca-app-pub-7891478850122465~6704621236,ES,20260216,iOS,1,0,0,0,1
ca-app-pub-7891478850122465/3611443638,ca-app-pub-7891478850122465~8181354433,GB,20260216,iOS,1,0,0,0,1
ca-app-pub-7891478850122465/6565020438,ca-app-pub-7891478850122465~6704621236,GB,20260216,iOS,14,0,16064,1,14
ca-app-pub-7891478850122465/8171033829,ca-app-pub-7891478850122465~6704621236,GB,20260216,iOS,4,0,3462,3,4
ca-app-pub-7891478850122465/6565020438,ca-app-pub-7891478850122465~6704621236,GH,20260216,iOS,11,0,0,0,11
ca-app-pub-7891478850122465/8171033829,ca-app-pub-7891478850122465~6704621236,GH,20260216,iOS,6,0,2861,5,6
ca-app-pub-7891478850122465/6565020438,ca-app-pub-7891478850122465~6704621236,IE,20260216,iOS,10,0,0,0,10
ca-app-pub-7891478850122465/8171033829,ca-app-pub-7891478850122465~6704621236,IE,20260216,iOS,10,1,13533,10,10
ca-app-pub-7891478850122465/6565020438,ca-app-pub-7891478850122465~6704621236,IL,20260216,iOS,1,0,0,0,1
ca-app-pub-7891478850122465/8171033829,ca-app-pub-7891478850122465~6704621236,IL,20260216,iOS,1,0,0,0,1
ca-app-pub-7891478850122465/6565020438,ca-app-pub-7891478850122465~6704621236,IN,20260216,iOS,63,1,11415,1,63
ca-app-pub-7891478850122465/8171033829,ca-app-pub-7891478850122465~6704621236,IN,20260216,iOS,9,0,1354,8,9
ca-app-pub-7891478850122465/6565020438,ca-app-pub-7891478850122465~6704621236,JO,20260216,iOS,1,0,0,0,1
ca-app-pub-7891478850122465/3611443638,ca-app-pub-7891478850122465~8181354433,MX,20260216,iOS,1,0,0,0,1
ca-app-pub-7891478850122465/6565020438,ca-app-pub-7891478850122465~6704621236,MY,20260216,iOS,4,0,0,0,4
ca-app-pub-7891478850122465/8171033829,ca-app-pub-7891478850122465~6704621236,MY,20260216,iOS,1,0,0,0,1
ca-app-pub-7891478850122465/6565020438,ca-app-pub-7891478850122465~6704621236,NG,20260216,iOS,9,0,0,0,9
ca-app-pub-7891478850122465/8171033829,ca-app-pub-7891478850122465~6704621236,NG,20260216,iOS,8,1,7272,7,8
ca-app-pub-7891478850122465/6565020438,ca-app-pub-7891478850122465~6704621236,NL,20260216,iOS,29,0,0,0,29
ca-app-pub-7891478850122465/8171033829,ca-app-pub-7891478850122465~6704621236,NL,20260216,iOS,11,2,14235,11,11
ca-app-pub-7891478850122465/8171033829,ca-app-pub-7891478850122465~6704621236,NO,20260216,iOS,2,0,408,1,2
ca-app-pub-7891478850122465/6565020438,ca-app-pub-7891478850122465~6704621236,NZ,20260216,iOS,48,0,0,0,48
ca-app-pub-7891478850122465/8171033829,ca-app-pub-7891478850122465~6704621236,NZ,20260216,iOS,7,0,41726,7,7
ca-app-pub-7891478850122465/6565020438,ca-app-pub-7891478850122465~6704621236,PR,20260216,iOS,1,0,0,0,1
ca-app-pub-7891478850122465/6565020438,ca-app-pub-7891478850122465~6704621236,PT,20260216,iOS,16,0,0,0,16
ca-app-pub-7891478850122465/8171033829,ca-app-pub-7891478850122465~6704621236,PT,20260216,iOS,5,0,1889,5,5
ca-app-pub-7891478850122465/6565020438,ca-app-pub-7891478850122465~6704621236,RO,20260216,iOS,20,0,5456,1,20
ca-app-pub-7891478850122465/8171033829,ca-app-pub-7891478850122465~6704621236,RO,20260216,iOS,7,0,2280,4,7
ca-app-pub-7891478850122465/6565020438,ca-app-pub-7891478850122465~6704621236,SA,20260216,iOS,3,0,0,0,3
ca-app-pub-7891478850122465/8171033829,ca-app-pub-7891478850122465~6704621236,SA,20260216,iOS,1,0,354,1,1
ca-app-pub-7891478850122465/6565020438,ca-app-pub-7891478850122465~6704621236,SN,20260216,iOS,2,0,1920,1,2
ca-app-pub-7891478850122465/8171033829,ca-app-pub-7891478850122465~6704621236,SN,20260216,iOS,1,0,284,1,1
ca-app-pub-7891478850122465/6565020438,ca-app-pub-7891478850122465~6704621236,TR,20260216,iOS,5,0,67732,4,5
ca-app-pub-7891478850122465/8171033829,ca-app-pub-7891478850122465~6704621236,TR,20260216,iOS,9,1,20658,8,9
ca-app-pub-7891478850122465/6565020438,ca-app-pub-7891478850122465~6704621236,UA,20260216,iOS,3,0,0,0,3
ca-app-pub-7891478850122465/8171033829,ca-app-pub-7891478850122465~6704621236,UG,20260216,iOS,2,0,0,0,2
ca-app-pub-7891478850122465/3611443638,ca-app-pub-7891478850122465~8181354433,US,20260216,iOS,1,0,0,0,1
ca-app-pub-7891478850122465/6565020438,ca-app-pub-7891478850122465~6704621236,US,20260216,iOS,176,1,461535,9,176
ca-app-pub-7891478850122465/8171033829,ca-app-pub-7891478850122465~6704621236,US,20260216,iOS,49,3,181953,30,49
ca-app-pub-7891478850122465/6565020438,ca-app-pub-7891478850122465~6704621236,UY,20260216,iOS,4,0,0,0,4
ca-app-pub-7891478850122465/8171033829,ca-app-pub-7891478850122465~6704621236,UY,20260216,iOS,6,0,1528,6,6
ca-app-pub-7891478850122465/6565020438,ca-app-pub-7891478850122465~6704621236,VE,20260216,iOS,2,0,0,0,2
ca-app-pub-7891478850122465/8171033829,ca-app-pub-7891478850122465~6704621236,VE,20260216,iOS,3,0,2064,2,3
ca-app-pub-7891478850122465/6565020438,ca-app-pub-7891478850122465~6704621236,ZA,20260216,iOS,4,0,0,0,4
ca-app-pub-7891478850122465/8171033829,ca-app-pub-7891478850122465~6704621236,ZA,20260216,iOS,1,0,341,1,1
ca-app-pub-7891478850122465/6565020438,ca-app-pub-7891478850122465~6704621236,AU,20260217,iOS,4,0,0,0,4
ca-app-pub-7891478850122465/8171033829,ca-app-pub-7891478850122465~6704621236,AU,20260217,iOS,2,0,1224,1,2
ca-app-pub-7891478850122465/6565020438,ca-app-pub-7891478850122465~6704621236,BR,20260217,iOS,1,0,0,0,1
ca-app-pub-7891478850122465/6565020438,ca-app-pub-7891478850122465~6704621236,CA,20260217,iOS,11,0,0,0,11
ca-app-pub-7891478850122465/8171033829,ca-app-pub-7891478850122465~6704621236,CA,20260217,iOS,5,1,4353,3,5
ca-app-pub-7891478850122465/6565020438,ca-app-pub-7891478850122465~6704621236,CI,20260217,iOS,1,0,0,0,1
ca-app-pub-7891478850122465/8171033829,ca-app-pub-7891478850122465~6704621236,CI,20260217,iOS,2,0,1351,2,2
ca-app-pub-7891478850122465/6565020438,ca-app-pub-7891478850122465~6704621236,CN,20260217,iOS,1,0,0,0,1
ca-app-pub-7891478850122465/6565020438,ca-app-pub-7891478850122465~6704621236,CO,20260217,iOS,2,0,0,0,2
ca-app-pub-7891478850122465/6565020438,ca-app-pub-7891478850122465~6704621236,CZ,20260217,iOS,13,0,7511,1,13
ca-app-pub-7891478850122465/8171033829,ca-app-pub-7891478850122465~6704621236,CZ,20260217,iOS,4,0,1048,3,4
ca-app-pub-7891478850122465/6565020438,ca-app-pub-7891478850122465~6704621236,GH,20260217,iOS,2,0,0,0,2
ca-app-pub-7891478850122465/8171033829,ca-app-pub-7891478850122465~6704621236,GH,20260217,iOS,2,0,0,0,2
ca-app-pub-7891478850122465/6565020438,ca-app-pub-7891478850122465~6704621236,GN,20260217,iOS,4,0,3978,1,4
ca-app-pub-7891478850122465/8171033829,ca-app-pub-7891478850122465~6704621236,GN,20260217,iOS,5,1,2394,3,5
ca-app-pub-7891478850122465/6565020438,ca-app-pub-7891478850122465~6704621236,GT,20260217,iOS,1,0,0,0,1
ca-app-pub-7891478850122465/6565020438,ca-app-pub-7891478850122465~6704621236,IN,20260217,iOS,6,0,0,0,6
ca-app-pub-7891478850122465/8171033829,ca-app-pub-7891478850122465~6704621236,IN,20260217,iOS,4,0,796,3,4
ca-app-pub-7891478850122465/6565020438,ca-app-pub-7891478850122465~6704621236,IQ,20260217,iOS,2,0,0,0,2
ca-app-pub-7891478850122465/8171033829,ca-app-pub-7891478850122465~6704621236,IQ,20260217,iOS,1,0,399,1,1
ca-app-pub-7891478850122465/6565020438,ca-app-pub-7891478850122465~6704621236,KZ,20260217,iOS,1,0,0,0,1
ca-app-pub-7891478850122465/6565020438,ca-app-pub-7891478850122465~6704621236,NG,20260217,iOS,48,0,2328,1,48
ca-app-pub-7891478850122465/8171033829,ca-app-pub-7891478850122465~6704621236,NG,20260217,iOS,10,0,4154,8,10
ca-app-pub-7891478850122465/6565020438,ca-app-pub-7891478850122465~6704621236,NZ,20260217,iOS,1,0,0,0,1
ca-app-pub-7891478850122465/6565020438,ca-app-pub-7891478850122465~6704621236,SA,20260217,iOS,1,0,0,0,1
ca-app-pub-7891478850122465/6565020438,ca-app-pub-7891478850122465~6704621236,SG,20260217,iOS,1,0,0,0,1
ca-app-pub-7891478850122465/6565020438,ca-app-pub-7891478850122465~6704621236,TG,20260217,iOS,2,0,6726,1,2
ca-app-pub-7891478850122465/8171033829,ca-app-pub-7891478850122465~6704621236,TG,20260217,iOS,3,0,967,2,3
ca-app-pub-7891478850122465/6565020438,ca-app-pub-7891478850122465~6704621236,TT,20260217,iOS,2,0,0,0,2
ca-app-pub-7891478850122465/8171033829,ca-app-pub-7891478850122465~6704621236,TT,20260217,iOS,3,0,551,2,3
ca-app-pub-7891478850122465/8171033829,ca-app-pub-7891478850122465~6704621236,UG,20260217,iOS,2,0,0,0,2
ca-app-pub-7891478850122465/5088176833,ca-app-pub-7891478850122465~8181354433,US,20260217,iOS,1,0,0,0,1
ca-app-pub-7891478850122465/6565020438,ca-app-pub-7891478850122465~6704621236,US,20260217,iOS,164,1,271967,4,164
ca-app-pub-7891478850122465/8171033829,ca-app-pub-7891478850122465~6704621236,US,20260217,iOS,32,2,153274,20,32
ca-app-pub-7891478850122465/6565020438,ca-app-pub-7891478850122465~6704621236,ZA,20260217,iOS,6,0,0,0,6
ca-app-pub-7891478850122465/8171033829,ca-app-pub-7891478850122465~6704621236,ZA,20260217,iOS,1,0,0,0,1
ca-app-pub-7891478850122465/6565020438,ca-app-pub-7891478850122465~6704621236,AR,20260218,iOS,1,0,23368,1,1
ca-app-pub-7891478850122465/8171033829,ca-app-pub-7891478850122465~6704621236,AR,20260218,iOS,1,0,696,1,1
ca-app-pub-7891478850122465/6565020438,ca-app-pub-7891478850122465~6704621236,AU,20260218,iOS,1,0,0,0,1
ca-app-pub-7891478850122465/6565020438,ca-app-pub-7891478850122465~6704621236,BR,20260218,iOS,2,0,0,0,2
ca-app-pub-7891478850122465/8171033829,ca-app-pub-7891478850122465~6704621236,BR,20260218,iOS,2,0,1097,2,2
ca-app-pub-7891478850122465/6565020438,ca-app-pub-7891478850122465~6704621236,CA,20260218,iOS,3,0,0,0,3
ca-app-pub-7891478850122465/8171033829,ca-app-pub-7891478850122465~6704621236,CA,20260218,iOS,1,0,3015,1,1
ca-app-pub-7891478850122465/6565020438,ca-app-pub-7891478850122465~6704621236,CN,20260218,iOS,1,0,0,0,1
ca-app-pub-7891478850122465/6565020438,ca-app-pub-7891478850122465~6704621236,DE,20260218,iOS,11,0,38472,1,11
ca-app-pub-7891478850122465/8171033829,ca-app-pub-7891478850122465~6704621236,DE,20260218,iOS,6,0,8757,6,6
ca-app-pub-7891478850122465/6565020438,ca-app-pub-7891478850122465~6704621236,DZ,20260218,iOS,13,4,27546,9,13
ca-app-pub-7891478850122465/8171033829,ca-app-pub-7891478850122465~6704621236,DZ,20260218,iOS,31,3,18357,23,31
ca-app-pub-7891478850122465/8171033829,ca-app-pub-7891478850122465~6704621236,GB,20260218,iOS,2,0,1021,1,2
ca-app-pub-7891478850122465/6565020438,ca-app-pub-7891478850122465~6704621236,GH,20260218,iOS,11,1,5608,1,11
ca-app-pub-7891478850122465/8171033829,ca-app-pub-7891478850122465~6704621236,GH,20260218,iOS,8,0,4464,8,8
ca-app-pub-7891478850122465/6565020438,ca-app-pub-7891478850122465~6704621236,HK,20260218,iOS,1,0,0,0,1
ca-app-pub-7891478850122465/6565020438,ca-app-pub-7891478850122465~6704621236,IN,20260218,iOS,3,0,0,0,3
ca-app-pub-7891478850122465/6565020438,ca-app-pub-7891478850122465~6704621236,IQ,20260218,iOS,3,0,0,0,3
ca-app-pub-7891478850122465/8171033829,ca-app-pub-7891478850122465~6704621236,IQ,20260218,iOS,4,0,1461,3,4
ca-app-pub-7891478850122465/6565020438,ca-app-pub-7891478850122465~6704621236,JO,20260218,iOS,5,0,0,0,5
ca-app-pub-7891478850122465/8171033829,ca-app-pub-7891478850122465~6704621236,JO,20260218,iOS,1,0,239,1,1
ca-app-pub-7891478850122465/6565020438,ca-app-pub-7891478850122465~6704621236,JP,20260218,iOS,1,0,0,0,1
ca-app-pub-7891478850122465/6565020438,ca-app-pub-7891478850122465~6704621236,ML,20260218,iOS,1,0,0,0,1
ca-app-pub-7891478850122465/8171033829,ca-app-pub-7891478850122465~6704621236,ML,20260218,iOS,1,0,462,1,1
ca-app-pub-7891478850122465/6565020438,ca-app-pub-7891478850122465~6704621236,NA,20260218,iOS,3,1,2911,1,3
ca-app-pub-7891478850122465/8171033829,ca-app-pub-7891478850122465~6704621236,NA,20260218,iOS,7,0,3559,5,7
ca-app-pub-7891478850122465/6565020438,ca-app-pub-7891478850122465~6704621236,NG,20260218,iOS,1,0,0,0,1
ca-app-pub-7891478850122465/6565020438,ca-app-pub-7891478850122465~6704621236,NZ,20260218,iOS,1,0,0,0,1
ca-app-pub-7891478850122465/6565020438,ca-app-pub-7891478850122465~6704621236,PH,20260218,iOS,4,0,0,0,4
ca-app-pub-7891478850122465/3471842833,ca-app-pub-7891478850122465~3894305235,SL,20260218,iOS,1,0,0,0,1
ca-app-pub-7891478850122465/6565020438,ca-app-pub-7891478850122465~6704621236,TD,20260218,iOS,1,0,0,0,1
ca-app-pub-7891478850122465/6565020438,ca-app-pub-7891478850122465~6704621236,TH,20260218,iOS,4,0,0,0,4
ca-app-pub-7891478850122465/8171033829,ca-app-pub-7891478850122465~6704621236,TH,20260218,iOS,3,0,20318,2,3
ca-app-pub-7891478850122465/6565020438,ca-app-pub-7891478850122465~6704621236,TN,20260218,iOS,2,0,0,0,2
ca-app-pub-7891478850122465/6565020438,ca-app-pub-7891478850122465~6704621236,TZ,20260218,iOS,3,0,10625,2,3
ca-app-pub-7891478850122465/8171033829,ca-app-pub-7891478850122465~6704621236,TZ,20260218,iOS,6,0,1967,5,6
ca-app-pub-7891478850122465/1715908034,ca-app-pub-7891478850122465~6704621236,US,20260218,iOS,1,0,0,0,1
ca-app-pub-7891478850122465/6565020438,ca-app-pub-7891478850122465~6704621236,US,20260218,iOS,122,0,98930,1,122
ca-app-pub-7891478850122465/8171033829,ca-app-pub-7891478850122465~6704621236,US,20260218,iOS,25,1,51890,13,25
ca-app-pub-7891478850122465/6565020438,ca-app-pub-7891478850122465~6704621236,UY,20260218,iOS,1,0,0,0,1
ca-app-pub-7891478850122465/8171033829,ca-app-pub-7891478850122465~6704621236,UY,20260218,iOS,1,0,512,1,1
ca-app-pub-7891478850122465/6565020438,ca-app-pub-7891478850122465~6704621236,AO,20260219,iOS,1,0,0,0,1
ca-app-pub-7891478850122465/8171033829,ca-app-pub-7891478850122465~6704621236,AO,20260219,iOS,1,0,660,1,1
ca-app-pub-7891478850122465/6565020438,ca-app-pub-7891478850122465~6704621236,AR,20260219,iOS,7,0,30043,3,7
ca-app-pub-7891478850122465/8171033829,ca-app-pub-7891478850122465~6704621236,AR,20260219,iOS,12,2,14654,9,12
ca-app-pub-7891478850122465/3611443638,ca-app-pub-7891478850122465~8181354433,AU,20260219,iOS,1,0,0,0,1
ca-app-pub-7891478850122465/6565020438,ca-app-pub-7891478850122465~6704621236,AU,20260219,iOS,2,0,0,0,2
ca-app-pub-7891478850122465/6565020438,ca-app-pub-7891478850122465~6704621236,BO,20260219,iOS,16,0,5631,1,16
ca-app-pub-7891478850122465/8171033829,ca-app-pub-7891478850122465~6704621236,BO,20260219,iOS,4,0,874,4,4
ca-app-pub-7891478850122465/6565020438,ca-app-pub-7891478850122465~6704621236,BR,20260219,iOS,1,0,0,0,1
ca-app-pub-7891478850122465/6565020438,ca-app-pub-7891478850122465~6704621236,CA,20260219,iOS,5,0,0,0,5
ca-app-pub-7891478850122465/8171033829,ca-app-pub-7891478850122465~6704621236,CA,20260219,iOS,5,0,5479,4,5
ca-app-pub-7891478850122465/6565020438,ca-app-pub-7891478850122465~6704621236,CD,20260219,iOS,2,0,0,0,2
ca-app-pub-7891478850122465/8171033829,ca-app-pub-7891478850122465~6704621236,CD,20260219,iOS,7,1,3982,7,7
ca-app-pub-7891478850122465/6565020438,ca-app-pub-7891478850122465~6704621236,CI,20260219,iOS,2,0,0,0,2
ca-app-pub-7891478850122465/8171033829,ca-app-pub-7891478850122465~6704621236,CI,20260219,iOS,12,1,6396,11,12
ca-app-pub-7891478850122465/6565020438,ca-app-pub-7891478850122465~6704621236,CN,20260219,iOS,2,0,0,0,2
ca-app-pub-7891478850122465/8171033829,ca-app-pub-7891478850122465~6704621236,CN,20260219,iOS,1,0,159,1,1
ca-app-pub-7891478850122465/6565020438,ca-app-pub-7891478850122465~6704621236,CO,20260219,iOS,1,0,0,0,1
ca-app-pub-7891478850122465/8171033829,ca-app-pub-7891478850122465~6704621236,CO,20260219,iOS,1,0,46,1,1
ca-app-pub-7891478850122465/6565020438,ca-app-pub-7891478850122465~6704621236,EG,20260219,iOS,2,0,0,0,2
ca-app-pub-7891478850122465/8171033829,ca-app-pub-7891478850122465~6704621236,EG,20260219,iOS,2,0,591,2,2
ca-app-pub-7891478850122465/3611443638,ca-app-pub-7891478850122465~8181354433,ES,20260219,iOS,1,0,0,0,1
ca-app-pub-7891478850122465/6565020438,ca-app-pub-7891478850122465~6704621236,ES,20260219,iOS,14,0,0,0,14
ca-app-pub-7891478850122465/8171033829,ca-app-pub-7891478850122465~6704621236,ES,20260219,iOS,2,0,391,1,2
ca-app-pub-7891478850122465/6565020438,ca-app-pub-7891478850122465~6704621236,GH,20260219,iOS,1,0,0,0,1
ca-app-pub-7891478850122465/6565020438,ca-app-pub-7891478850122465~6704621236,GN,20260219,iOS,2,0,0,0,2
ca-app-pub-7891478850122465/8171033829,ca-app-pub-7891478850122465~6704621236,GN,20260219,iOS,1,1,1744,1,1
ca-app-pub-7891478850122465/8171033829,ca-app-pub-7891478850122465~6704621236,GR,20260219,iOS,1,0,197,1,1
ca-app-pub-7891478850122465/6565020438,ca-app-pub-7891478850122465~6704621236,IL,20260219,iOS,1,0,0,0,1
ca-app-pub-7891478850122465/6565020438,ca-app-pub-7891478850122465~6704621236,IN,20260219,iOS,3,0,0,0,3
ca-app-pub-7891478850122465/8171033829,ca-app-pub-7891478850122465~6704621236,IN,20260219,iOS,1,0,0,0,1
ca-app-pub-7891478850122465/6565020438,ca-app-pub-7891478850122465~6704621236,IQ,20260219,iOS,2,0,0,0,2
ca-app-pub-7891478850122465/6565020438,ca-app-pub-7891478850122465~6704621236,IT,20260219,iOS,1,0,0,0,1
ca-app-pub-7891478850122465/6565020438,ca-app-pub-7891478850122465~6704621236,KZ,20260219,iOS,1,0,0,0,1
ca-app-pub-7891478850122465/6565020438,ca-app-pub-7891478850122465~6704621236,LB,20260219,iOS,5,0,15456,2,5
ca-app-pub-7891478850122465/8171033829,ca-app-pub-7891478850122465~6704621236,LB,20260219,iOS,8,2,8176,6,8
ca-app-pub-7891478850122465/6565020438,ca-app-pub-7891478850122465~6704621236,MX,20260219,iOS,1,0,0,0,1
ca-app-pub-7891478850122465/8171033829,ca-app-pub-7891478850122465~6704621236,MX,20260219,iOS,1,0,1047,1,1
ca-app-pub-7891478850122465/6565020438,ca-app-pub-7891478850122465~6704621236,NG,20260219,iOS,2,0,9080,1,2
ca-app-pub-7891478850122465/8171033829,ca-app-pub-7891478850122465~6704621236,NG,20260219,iOS,2,0,625,2,2
ca-app-pub-7891478850122465/6565020438,ca-app-pub-7891478850122465~6704621236,NZ,20260219,iOS,1,0,0,0,1
ca-app-pub-7891478850122465/6565020438,ca-app-pub-7891478850122465~6704621236,PH,20260219,iOS,1,0,0,0,1
ca-app-pub-7891478850122465/6565020438,ca-app-pub-7891478850122465~6704621236,SG,20260219,iOS,1,0,0,0,1
ca-app-pub-7891478850122465/8171033829,ca-app-pub-7891478850122465~6704621236,SG,20260219,iOS,2,0,975,1,2
ca-app-pub-7891478850122465/6565020438,ca-app-pub-7891478850122465~6704621236,TH,20260219,iOS,1,0,0,0,1
ca-app-pub-7891478850122465/8171033829,ca-app-pub-7891478850122465~6704621236,TH,20260219,iOS,1,0,4025,1,1
ca-app-pub-7891478850122465/6565020438,ca-app-pub-7891478850122465~6704621236,TN,20260219,iOS,1,0,0,0,1
ca-app-pub-7891478850122465/6565020438,ca-app-pub-7891478850122465~6704621236,TT,20260219,iOS,1,0,0,0,1
ca-app-pub-7891478850122465/8171033829,ca-app-pub-7891478850122465~6704621236,UG,20260219,iOS,1,0,0,0,1
ca-app-pub-7891478850122465/1995109638,ca-app-pub-7891478850122465~3894305235,US,20260219,iOS,1,0,0,0,1
ca-app-pub-7891478850122465/3611443638,ca-app-pub-7891478850122465~8181354433,US,20260219,iOS,1,0,0,0,1
ca-app-pub-7891478850122465/6565020438,ca-app-pub-7891478850122465~6704621236,US,20260219,iOS,149,2,423937,6,149
ca-app-pub-7891478850122465/8171033829,ca-app-pub-7891478850122465~6704621236,US,20260219,iOS,35,2,115398,26,35
ca-app-pub-7891478850122465/6565020438,ca-app-pub-7891478850122465~6704621236,ZA,20260219,iOS,1,0,0,0,1
ca-app-pub-7891478850122465/6565020438,ca-app-pub-7891478850122465~6704621236,AU,20260220,iOS,1,0,0,0,1
ca-app-pub-7891478850122465/5088176833,ca-app-pub-7891478850122465~8181354433,BE,20260220,iOS,12,0,0,0,0
ca-app-pub-7891478850122465/6565020438,ca-app-pub-7891478850122465~6704621236,BR,20260220,iOS,1,0,0,0,1
ca-app-pub-7891478850122465/6565020438,ca-app-pub-7891478850122465~6704621236,CA,20260220,iOS,5,0,0,0,5
ca-app-pub-7891478850122465/8171033829,ca-app-pub-7891478850122465~6704621236,CA,20260220,iOS,2,0,6313,2,2
ca-app-pub-7891478850122465/6565020438,ca-app-pub-7891478850122465~6704621236,CD,20260220,iOS,1,0,0,0,1
ca-app-pub-7891478850122465/6565020438,ca-app-pub-7891478850122465~6704621236,CN,20260220,iOS,11,2,180242,9,11
ca-app-pub-7891478850122465/8171033829,ca-app-pub-7891478850122465~6704621236,CN,20260220,iOS,17,0,11020,16,17
ca-app-pub-7891478850122465/6565020438,ca-app-pub-7891478850122465~6704621236,CO,20260220,iOS,1,0,0,0,1
ca-app-pub-7891478850122465/6565020438,ca-app-pub-7891478850122465~6704621236,DO,20260220,iOS,2,0,52160,1,2
ca-app-pub-7891478850122465/8171033829,ca-app-pub-7891478850122465~6704621236,DO,20260220,iOS,1,0,2688,1,1
ca-app-pub-7891478850122465/1715908034,ca-app-pub-7891478850122465~6704621236,GB,20260220,iOS,1,0,0,0,1
ca-app-pub-7891478850122465/6565020438,ca-app-pub-7891478850122465~6704621236,GH,20260220,iOS,1,0,0,0,1
ca-app-pub-7891478850122465/8171033829,ca-app-pub-7891478850122465~6704621236,GH,20260220,iOS,1,0,735,1,1
ca-app-pub-7891478850122465/6565020438,ca-app-pub-7891478850122465~6704621236,GN,20260220,iOS,1,0,0,0,1
ca-app-pub-7891478850122465/6565020438,ca-app-pub-7891478850122465~6704621236,IL,20260220,iOS,2,0,13176,1,2
ca-app-pub-7891478850122465/8171033829,ca-app-pub-7891478850122465~6704621236,IL,20260220,iOS,3,0,812,3,3
ca-app-pub-7891478850122465/6565020438,ca-app-pub-7891478850122465~6704621236,IN,20260220,iOS,2,0,0,0,2
ca-app-pub-7891478850122465/3611443638,ca-app-pub-7891478850122465~8181354433,IT,20260220,iOS,2,0,0,0,2
ca-app-pub-7891478850122465/6565020438,ca-app-pub-7891478850122465~6704621236,JO,20260220,iOS,1,0,0,0,1
ca-app-pub-7891478850122465/6565020438,ca-app-pub-7891478850122465~6704621236,KZ,20260220,iOS,1,0,0,0,1
ca-app-pub-7891478850122465/6565020438,ca-app-pub-7891478850122465~6704621236,LB,20260220,iOS,1,0,0,0,1
ca-app-pub-7891478850122465/6565020438,ca-app-pub-7891478850122465~6704621236,NG,20260220,iOS,1,0,0,0,1
ca-app-pub-7891478850122465/6565020438,ca-app-pub-7891478850122465~6704621236,NZ,20260220,iOS,1,0,0,0,1
ca-app-pub-7891478850122465/6565020438,ca-app-pub-7891478850122465~6704621236,PH,20260220,iOS,1,0,0,0,1
ca-app-pub-7891478850122465/6565020438,ca-app-pub-7891478850122465~6704621236,SG,20260220,iOS,1,0,0,0,1
ca-app-pub-7891478850122465/6565020438,ca-app-pub-7891478850122465~6704621236,SN,20260220,iOS,1,0,0,0,1
ca-app-pub-7891478850122465/8171033829,ca-app-pub-7891478850122465~6704621236,SN,20260220,iOS,2,0,988,2,2
ca-app-pub-7891478850122465/6565020438,ca-app-pub-7891478850122465~6704621236,SO,20260220,iOS,1,0,0,0,1
ca-app-pub-7891478850122465/8171033829,ca-app-pub-7891478850122465~6704621236,SO,20260220,iOS,1,0,81,1,1
ca-app-pub-7891478850122465/6565020438,ca-app-pub-7891478850122465~6704621236,TH,20260220,iOS,3,0,0,0,3
ca-app-pub-7891478850122465/8171033829,ca-app-pub-7891478850122465~6704621236,TH,20260220,iOS,1,1,2669,1,1
ca-app-pub-7891478850122465/6565020438,ca-app-pub-7891478850122465~6704621236,TT,20260220,iOS,1,0,0,0,1
ca-app-pub-7891478850122465/6565020438,ca-app-pub-7891478850122465~6704621236,TZ,20260220,iOS,14,0,3344,1,14
ca-app-pub-7891478850122465/8171033829,ca-app-pub-7891478850122465~6704621236,TZ,20260220,iOS,9,0,2399,9,9
ca-app-pub-7891478850122465/6565020438,ca-app-pub-7891478850122465~6704621236,UG,20260220,iOS,1,0,0,0,1
ca-app-pub-7891478850122465/3611443638,ca-app-pub-7891478850122465~8181354433,US,20260220,iOS,1,0,0,0,1
ca-app-pub-7891478850122465/6565020438,ca-app-pub-7891478850122465~6704621236,US,20260220,iOS,104,0,173329,3,104
ca-app-pub-7891478850122465/8171033829,ca-app-pub-7891478850122465~6704621236,US,20260220,iOS,26,2,92683,20,26
ca-app-pub-7891478850122465/6565020438,ca-app-pub-7891478850122465~6704621236,ZA,20260220,iOS,1,0,0,0,1
